MAE,MSE,RMSE,MAPE,R2,Building,Sparsity,Method,Epochs,MAPE_original
0.0038971498,1.7817256e-05,0.004221049,0.0004871437267865875,0.0,Bobcat_warehouse_Charlie_start4000_2160,30,Real Data,2,0.0038971498142927
0.0049697543,3.70901e-05,0.006090164,0.0006212192820385,0.0,Bobcat_warehouse_Charlie_start4000_2160,30,VAEGAN,2,0.004969754256308
0.015984004,0.000262254,0.016194258,0.0019980005454272,0.0,Bobcat_warehouse_Charlie_start4000_2160,30,DDPM,2,0.0159840043634176
0.01372661,0.00018853716,0.013730884,0.0017158262198790875,0.0,Bobcat_warehouse_Charlie_start4000_2160,30,cddpm,5,0.0137266097590327
0.0018668718,5.068179e-06,0.0022512616,0.0002333589800400625,0.0,Bobcat_warehouse_Charlie_start4000_2160,30,TIMEGAN,2,0.0018668718403205
0.0005588408,5.109161e-07,0.00071478396,6.98551011737375e-05,0.0,Bobcat_warehouse_Charlie_start4000_2160,30,CGAN,2,0.0005588408093899
0.0012290579,1.7520817e-06,0.0013236622,0.0001536322379251875,0.0,Bobcat_warehouse_Charlie_start4000_2160,50,Real Data,2,0.0012290579034015
0.001022453,1.7239182e-06,0.0013129807,0.00012780661927535,0.0,Bobcat_warehouse_Charlie_start4000_2160,50,VAEGAN,2,0.0010224529542028
0.01522971,0.00023388948,0.015293445,0.0019037137972190874,0.0,Bobcat_warehouse_Charlie_start4000_2160,50,DDPM,2,0.0152297103777527
0.013184254,0.00017388478,0.013186538,0.001648031757213175,0.0,Bobcat_warehouse_Charlie_start4000_2160,50,cddpm,5,0.0131842540577054
0.001593076,4.244182e-06,0.0020601412,0.00019913450523745,0.0,Bobcat_warehouse_Charlie_start4000_2160,50,TIMEGAN,2,0.0015930760418996
0.0028899568,1.297624e-05,0.003602255,0.0003612446016632,0.0,Bobcat_warehouse_Charlie_start4000_2160,50,CGAN,2,0.0028899568133056
0.0029577476,1.36663875e-05,0.0036968077,0.00036971844383515,0.0,Bobcat_warehouse_Charlie_start4000_2160,70,Real Data,2,0.0029577475506812
0.0026716336,1.2018723e-05,0.003466803,0.0003339542017783875,0.0,Bobcat_warehouse_Charlie_start4000_2160,70,VAEGAN,2,0.0026716336142271
0.012662849,0.00016454444,0.012827488,0.001582856173627075,0.0,Bobcat_warehouse_Charlie_start4000_2160,70,DDPM,2,0.0126628493890166
0.011690621,0.00013769483,0.011734344,0.00146132765803485,0.0,Bobcat_warehouse_Charlie_start4000_2160,70,cddpm,5,0.0116906212642788
0.00029925042,1.4924781e-07,0.00038632605,3.74063019989875e-05,0.0,Bobcat_warehouse_Charlie_start4000_2160,70,TIMEGAN,2,0.0002992504159919
0.00092159334,1.3552301e-06,0.0011641436,0.0001151991673395875,0.0,Bobcat_warehouse_Charlie_start4000_2160,70,CGAN,2,0.0009215933387167
0.0015243992,3.2744713e-06,0.00180955,0.000190549893886775,0.0,Bobcat_warehouse_Charlie_start4000_2160,90,Real Data,2,0.0015243991510942
0.00056251744,5.219128e-07,0.0007224353,7.0314679760475e-05,0.0,Bobcat_warehouse_Charlie_start4000_2160,90,VAEGAN,2,0.0005625174380838
0.010331785,0.000114969145,0.010722366,0.0012914731632918,0.0,Bobcat_warehouse_Charlie_start4000_2160,90,DDPM,2,0.0103317853063344
0.012904031,0.00016739212,0.0129380105,0.001613003900274625,0.0,Bobcat_warehouse_Charlie_start4000_2160,90,cddpm,5,0.012904031202197
0.00035618796,1.8508196e-07,0.00043021154,4.452349458005e-05,0.0,Bobcat_warehouse_Charlie_start4000_2160,90,TIMEGAN,2,0.0003561879566404
0.0003218275,1.5830905e-07,0.0003978807,4.02284385927375e-05,0.0,Bobcat_warehouse_Charlie_start4000_2160,90,CGAN,2,0.0003218275087419
0.001277456,1.9019252e-06,0.001379103,0.0001596819929545625,0.0,Bobcat_warehouse_Charlie_start8000_2160,30,Real Data,2,0.0012774559436365
0.0010248675,1.7768958e-06,0.0013330026,0.0001281084405491125,0.0,Bobcat_warehouse_Charlie_start8000_2160,30,VAEGAN,2,0.0010248675243929
0.012599236,0.00016081498,0.012681285,0.001574904541485,0.0,Bobcat_warehouse_Charlie_start8000_2160,30,DDPM,2,0.01259923633188
0.010935254,0.00012057588,0.010980705,0.001366906799376,0.0,Bobcat_warehouse_Charlie_start8000_2160,30,cddpm,5,0.010935254395008
0.0034097137,1.8686673e-05,0.0043228082,0.00042621421744115,0.0,Bobcat_warehouse_Charlie_start8000_2160,30,TIMEGAN,2,0.0034097137395292
0.0007141409,7.4129497e-07,0.0008609849,8.92676107469e-05,0.0,Bobcat_warehouse_Charlie_start8000_2160,30,CGAN,2,0.0007141408859752
0.002732733,1.2194401e-05,0.0034920482,0.00034159162896685,0.0,Bobcat_warehouse_Charlie_start8000_2160,50,Real Data,2,0.0027327330317348
0.0005007671,3.9053836e-07,0.00062493066,6.2595885538025e-05,0.0,Bobcat_warehouse_Charlie_start8000_2160,50,VAEGAN,2,0.0005007670843042
0.013420225,0.00018238825,0.013505119,0.0016775281401351,0.0,Bobcat_warehouse_Charlie_start8000_2160,50,DDPM,2,0.0134202251210808
0.011531883,0.00013338792,0.0115493685,0.0014414853649213875,0.0,Bobcat_warehouse_Charlie_start8000_2160,50,cddpm,5,0.0115318829193711
0.0005764201,5.111204e-07,0.00071492686,7.20525131328e-05,0.0,Bobcat_warehouse_Charlie_start8000_2160,50,TIMEGAN,2,0.0005764201050624
0.0014828476,3.5923913e-06,0.0018953604,0.0001853559515438875,0.0,Bobcat_warehouse_Charlie_start8000_2160,50,CGAN,2,0.0014828476123511
0.0035482189,2.065956e-05,0.004545279,0.0004435273585841,0.0,Bobcat_warehouse_Charlie_start8000_2160,70,Real Data,2,0.0035482188686728
0.00033811096,1.713327e-07,0.00041392355,4.22638695454125e-05,0.0,Bobcat_warehouse_Charlie_start8000_2160,70,VAEGAN,2,0.0003381109563633
0.008351878,7.3698175e-05,0.008584764,0.001043984782882025,0.0,Bobcat_warehouse_Charlie_start8000_2160,70,DDPM,2,0.0083518782630562
0.011430804,0.00013099883,0.011445472,0.0014288504607975375,0.0,Bobcat_warehouse_Charlie_start8000_2160,70,cddpm,5,0.0114308036863803
0.0005077541,4.2825263e-07,0.00065441016,6.34692623862e-05,0.0,Bobcat_warehouse_Charlie_start8000_2160,70,TIMEGAN,2,0.0005077540990896
0.000604935,5.814227e-07,0.00076251075,7.561687380075e-05,0.0,Bobcat_warehouse_Charlie_start8000_2160,70,CGAN,2,0.000604934990406
0.008013413,8.718128e-05,0.009337092,0.0010016766609624,0.0,Bobcat_warehouse_Charlie_start8000_2160,90,Real Data,2,0.0080134132876992
0.00097180536,1.556077e-06,0.0012474281,0.0001214756703120625,0.0,Bobcat_warehouse_Charlie_start8000_2160,90,VAEGAN,2,0.0009718053624965
0.011732805,0.0001406261,0.011858587,0.0014666005736216875,0.0,Bobcat_warehouse_Charlie_start8000_2160,90,DDPM,2,0.0117328045889735
0.011010897,0.00012202752,0.011046607,0.0013763621682301125,0.0,Bobcat_warehouse_Charlie_start8000_2160,90,cddpm,5,0.0110108973458409
0.00042929564,2.840146e-07,0.0005329302,5.36619554623e-05,0.0,Bobcat_warehouse_Charlie_start8000_2160,90,TIMEGAN,2,0.0004292956436984
0.0013383216,2.1091298e-06,0.0014522844,0.00016729019989725,0.0,Bobcat_warehouse_Charlie_start8000_2160,90,CGAN,2,0.001338321599178
0.22029474,0.05478324,0.2340582,20.714466273784637,-0.3816162325177756,Cockatoo_assembly_Valencia_start0_2160,30,Real Data,2,165.7157301902771
0.15333875,0.03343988,0.18286574,20.181576907634735,0.1566565727466535,Cockatoo_assembly_Valencia_start0_2160,30,VAEGAN,2,161.45261526107788
0.2056596,0.049825553,0.22321638,19.33053582906723,-0.2565850379988612,Cockatoo_assembly_Valencia_start0_2160,30,DDPM,2,154.64428663253784
0.1835991,0.04223716,0.20551682,19.98050808906555,-0.0652079029081242,Cockatoo_assembly_Valencia_start0_2160,30,cddpm,5,159.8440647125244
0.17015564,0.038775176,0.19691414,21.166636049747467,0.0221021463007091,Cockatoo_assembly_Valencia_start0_2160,30,TIMEGAN,2,169.33308839797974
0.08693794,0.042102527,0.205189,26.103535294532776,-0.061812593760921,Cockatoo_assembly_Valencia_start0_2160,30,CGAN,2,208.8282823562622
0.098020114,0.03430328,0.18521145,29.862123727798462,0.2516071767945578,Cockatoo_assembly_Valencia_start0_2160,50,Real Data,2,238.8969898223877
0.11896171,0.026963597,0.16420595,24.38538670539856,0.4117366789135958,Cockatoo_assembly_Valencia_start0_2160,50,VAEGAN,2,195.08309364318848
0.1526523,0.028679665,0.16935071,20.100291073322296,0.3742973152911952,Cockatoo_assembly_Valencia_start0_2160,50,DDPM,2,160.80232858657837
0.07115333,0.009226732,0.09605588,13.96614909172058,0.7987008842290493,Cockatoo_assembly_Valencia_start0_2160,50,cddpm,5,111.72919273376463
0.16815104,0.04124533,0.20308946,27.91568338871002,0.1001527859986897,Cockatoo_assembly_Valencia_start0_2160,50,TIMEGAN,2,223.32546710968015
0.14701475,0.02831365,0.16826661,20.964592695236206,0.382282660547326,Cockatoo_assembly_Valencia_start0_2160,50,CGAN,2,167.71674156188965
0.12774038,0.06017259,0.24530102,51.9834041595459,0.1511712737109098,Cockatoo_assembly_Valencia_start0_2160,70,Real Data,2,415.8672332763672
0.13618425,0.026508402,0.162814,29.65814173221588,0.6260573929768086,Cockatoo_assembly_Valencia_start0_2160,70,VAEGAN,2,237.26513385772705
0.07715587,0.022617048,0.15038966,31.99712336063385,0.6809510535349395,Cockatoo_assembly_Valencia_start0_2160,70,DDPM,2,255.9769868850708
0.05151219,0.009593797,0.09794793,20.203156769275665,0.8646644394823402,Cockatoo_assembly_Valencia_start0_2160,70,cddpm,5,161.62525415420532
0.14926666,0.043217164,0.20788738,41.68020188808441,0.3903540755476846,Cockatoo_assembly_Valencia_start0_2160,70,TIMEGAN,2,333.4416151046753
0.08714854,0.020391665,0.14279939,28.56382429599762,0.7123435991523624,Cockatoo_assembly_Valencia_start0_2160,70,CGAN,2,228.51059436798096
0.38676518,0.23384653,0.4835768,183.9780569076538,-1.0892643956246315,Cockatoo_assembly_Valencia_start0_2160,90,Real Data,2,1471.8244552612305
0.047502927,0.006464351,0.08040119,17.980627715587616,0.942245282616514,Cockatoo_assembly_Valencia_start0_2160,90,VAEGAN,2,143.84502172470093
0.3492249,0.19575745,0.44244486,167.7113175392151,-0.748963805138833,Cockatoo_assembly_Valencia_start0_2160,90,DDPM,2,1341.6905403137207
0.14419036,0.034695596,0.18626754,71.11948132514954,0.690017696764628,Cockatoo_assembly_Valencia_start0_2160,90,cddpm,5,568.9558506011963
0.17104612,0.044441342,0.21081115,79.06069755554199,0.6029459129700797,Cockatoo_assembly_Valencia_start0_2160,90,TIMEGAN,2,632.4855804443359
0.051617492,0.009577763,0.09786605,8.536067605018616,0.914428991426346,Cockatoo_assembly_Valencia_start0_2160,90,CGAN,2,68.28854084014893
0.254776,0.08095139,0.28451958,7.723284512758255,-1.4378197664458376,Cockatoo_assembly_Valencia_start8000_2160,30,Real Data,2,61.78627610206604
0.1255558,0.02845646,0.16869043,8.101356774568558,0.1430447625268686,Cockatoo_assembly_Valencia_start8000_2160,30,VAEGAN,2,64.81085419654846
0.13912392,0.028241502,0.16805208,7.184632122516632,0.1495180894412727,Cockatoo_assembly_Valencia_start8000_2160,30,DDPM,2,57.47705698013306
0.10406401,0.019022573,0.13792235,5.55507093667984,0.4271425269058108,Cockatoo_assembly_Valencia_start8000_2160,30,cddpm,5,44.44056749343872
0.13558695,0.029420143,0.171523,8.007717877626419,0.114023797776656,Cockatoo_assembly_Valencia_start8000_2160,30,TIMEGAN,2,64.06174302101135
0.12725285,0.031613618,0.17780219,8.660249412059784,0.0479681071657595,Cockatoo_assembly_Valencia_start8000_2160,30,CGAN,2,69.28199529647827
0.13157275,0.033317093,0.1825297,7.673025131225586,0.0284218803825098,Cockatoo_assembly_Valencia_start8000_2160,50,Real Data,2,61.38420104980469
0.13909672,0.029307136,0.17119327,6.7357078194618225,0.1453584053710955,Cockatoo_assembly_Valencia_start8000_2160,50,VAEGAN,2,53.88566255569458
0.18289262,0.043578174,0.20875385,5.588367581367493,-0.2708071635864317,Cockatoo_assembly_Valencia_start8000_2160,50,DDPM,2,44.70694065093994
0.09663987,0.016020956,0.12657392,4.49509471654892,0.5328041357898694,Cockatoo_assembly_Valencia_start8000_2160,50,cddpm,5,35.96075773239136
0.13942641,0.029273663,0.17109548,6.595370918512344,0.1463345252770928,Cockatoo_assembly_Valencia_start8000_2160,50,TIMEGAN,2,52.762967348098755
0.14131537,0.029109856,0.1706161,6.600262969732284,0.1511113681905349,Cockatoo_assembly_Valencia_start8000_2160,50,CGAN,2,52.80210375785827
0.16263813,0.0384168,0.19600204,6.283696740865707,-0.0451750627392604,Cockatoo_assembly_Valencia_start8000_2160,70,Real Data,2,50.26957392692566
0.12527193,0.023392556,0.15294625,5.396746098995209,0.3635774381636641,Cockatoo_assembly_Valencia_start8000_2160,70,VAEGAN,2,43.17396879196167
0.12584801,0.024508305,0.15655129,5.489951744675636,0.3332221379730025,Cockatoo_assembly_Valencia_start8000_2160,70,DDPM,2,43.91961395740509
0.11842925,0.022923358,0.15140462,4.522306099534035,0.3763425418351567,Cockatoo_assembly_Valencia_start8000_2160,70,cddpm,5,36.17844879627228
0.13888635,0.030010004,0.17323396,6.16547055542469,0.1835418002911057,Cockatoo_assembly_Valencia_start8000_2160,70,TIMEGAN,2,49.32376444339752
0.13494383,0.028879456,0.16993956,5.95458559691906,0.214299667099732,Cockatoo_assembly_Valencia_start8000_2160,70,CGAN,2,47.63668477535248
0.12770419,0.026559196,0.16296993,5.059946328401566,0.1467599491942368,Cockatoo_assembly_Valencia_start8000_2160,90,Real Data,2,40.47957062721253
0.15246259,0.032096215,0.17915416,4.796558618545532,-0.0311221934339238,Cockatoo_assembly_Valencia_start8000_2160,90,VAEGAN,2,38.37246894836426
0.09992947,0.016887499,0.12995191,3.5232216119766235,0.4574727197576552,Cockatoo_assembly_Valencia_start8000_2160,90,DDPM,2,28.18577289581299
0.09892215,0.016225938,0.12738107,3.240228444337845,0.4787259791135636,Cockatoo_assembly_Valencia_start8000_2160,90,cddpm,5,25.92182755470276
0.13045716,0.025776822,0.16055162,4.71007339656353,0.1718944981094938,Cockatoo_assembly_Valencia_start8000_2160,90,TIMEGAN,2,37.68058717250824
0.11690712,0.02173704,0.14743486,4.490717500448227,0.3016766269526471,Cockatoo_assembly_Valencia_start8000_2160,90,CGAN,2,35.925740003585815
0.37130564,0.14326718,0.3785065,50.050413608551025,-1.1105198625585926,Cockatoo_industrial_Nathaniel_start0_2160,30,Real Data,2,400.4033088684082
0.17726438,0.0517274,0.22743659,66.30383133888245,0.2379853325014137,Cockatoo_industrial_Nathaniel_start0_2160,30,VAEGAN,2,530.4306507110596
0.29512513,0.0998454,0.31598324,18.39303970336914,-0.4708580225281036,Cockatoo_industrial_Nathaniel_start0_2160,30,DDPM,2,147.14431762695312
0.24453793,0.06959709,0.2638126,12.375368922948837,-0.0252594145263063,Cockatoo_industrial_Nathaniel_start0_2160,30,cddpm,5,99.0029513835907
0.22619173,0.060474332,0.2459153,58.13397169113159,0.1091310277107711,Cockatoo_industrial_Nathaniel_start0_2160,30,TIMEGAN,2,465.07177352905273
0.18406954,0.045000553,0.21213333,55.02099394798279,0.3370808159192039,Cockatoo_industrial_Nathaniel_start0_2160,30,CGAN,2,440.1679515838623
0.22126155,0.057285238,0.23934335,43.53978633880615,-0.5143040639193013,Cockatoo_industrial_Nathaniel_start0_2160,50,Real Data,2,348.3182907104492
0.093865775,0.025305878,0.15907821,41.47148132324219,0.3310528430992842,Cockatoo_industrial_Nathaniel_start0_2160,50,VAEGAN,2,331.7718505859375
0.068885975,0.012513606,0.11186423,14.02062326669693,0.6692096199631217,Cockatoo_industrial_Nathaniel_start0_2160,50,DDPM,2,112.16498613357544
0.0486417,0.0071935477,0.08481479,8.239834010601044,0.8098424879563761,Cockatoo_industrial_Nathaniel_start0_2160,50,cddpm,5,65.91867208480835
0.1503786,0.033081483,0.18188316,29.01114821434021,0.1255090953128308,Cockatoo_industrial_Nathaniel_start0_2160,50,TIMEGAN,2,232.08918571472168
0.1395627,0.035672955,0.18887286,39.23548758029938,0.0570049547891738,Cockatoo_industrial_Nathaniel_start0_2160,50,CGAN,2,313.883900642395
0.1019998,0.04784468,0.21873426,81.08367323875427,0.2133985200143991,Cockatoo_industrial_Nathaniel_start0_2160,70,Real Data,2,648.6693859100342
0.12224278,0.038702987,0.19673075,62.546104192733765,0.36369462294176,Cockatoo_industrial_Nathaniel_start0_2160,70,VAEGAN,2,500.3688335418701
0.06556745,0.018377056,0.135562,23.2029914855957,0.6978677174692759,Cockatoo_industrial_Nathaniel_start0_2160,70,DDPM,2,185.6239318847656
0.038717568,0.010713888,0.10350791,15.375936031341553,0.8238558395423752,Cockatoo_industrial_Nathaniel_start0_2160,70,cddpm,5,123.00748825073242
0.16962703,0.05091134,0.22563541,66.48547649383545,0.1629802618078969,Cockatoo_industrial_Nathaniel_start0_2160,70,TIMEGAN,2,531.8838119506836
0.17321931,0.056579366,0.23786418,30.413788557052612,0.0697938608898949,Cockatoo_industrial_Nathaniel_start0_2160,70,CGAN,2,243.3103084564209
0.27731872,0.15825485,0.39781258,269.69778537750244,-0.1185081631104378,Cockatoo_industrial_Nathaniel_start0_2160,90,Real Data,2,2157.5822830200195
0.21059933,0.07689289,0.27729568,118.64696741104125,0.4565391082124015,Cockatoo_industrial_Nathaniel_start0_2160,90,VAEGAN,2,949.17573928833
0.24031268,0.124071725,0.35223818,232.42170810699463,0.1230901612754807,Cockatoo_industrial_Nathaniel_start0_2160,90,DDPM,2,1859.373664855957
0.11833021,0.036814224,0.19187033,54.57589626312256,0.7398056987209312,Cockatoo_industrial_Nathaniel_start0_2160,90,cddpm,5,436.60717010498047
0.18334578,0.07357292,0.27124327,97.29028940200806,0.480003861620884,Cockatoo_industrial_Nathaniel_start0_2160,90,TIMEGAN,2,778.3223152160645
0.2124099,0.07917056,0.28137264,133.8405728340149,0.4404410215553456,Cockatoo_industrial_Nathaniel_start0_2160,90,CGAN,2,1070.7245826721191
0.21176375,0.060186055,0.24532846,86.86639666557312,0.0365102160574506,Cockatoo_industrial_Nathaniel_start4000_2160,30,Real Data,2,694.931173324585
0.1984248,0.05134776,0.22660044,82.32367038726807,0.1779983411549514,Cockatoo_industrial_Nathaniel_start4000_2160,30,VAEGAN,2,658.5893630981445
0.11060808,0.020029135,0.14152433,27.92823612689972,0.6793631780033502,Cockatoo_industrial_Nathaniel_start4000_2160,30,DDPM,2,223.42588901519775
0.09906686,0.01843863,0.13578892,17.650923132896423,0.7048248141074693,Cockatoo_industrial_Nathaniel_start4000_2160,30,cddpm,5,141.2073850631714
0.2150713,0.058396854,0.24165441,99.59030747413635,0.0651527484052407,Cockatoo_industrial_Nathaniel_start4000_2160,30,TIMEGAN,2,796.7224597930908
0.21034755,0.05661919,0.23794787,93.93221735954285,0.0936105450084137,Cockatoo_industrial_Nathaniel_start4000_2160,30,CGAN,2,751.4577388763428
0.21013553,0.059011348,0.24292251,76.56410932540894,0.0981217774462609,Cockatoo_industrial_Nathaniel_start4000_2160,50,Real Data,2,612.5128746032715
0.20111355,0.062369235,0.24973834,44.01138722896576,0.0468027530935601,Cockatoo_industrial_Nathaniel_start4000_2160,50,VAEGAN,2,352.0910978317261
0.09297744,0.015736056,0.12544344,17.898273468017578,0.7595037677902094,Cockatoo_industrial_Nathaniel_start4000_2160,50,DDPM,2,143.18618774414062
0.09004207,0.016225273,0.12737846,10.850118100643158,0.752026977851378,Cockatoo_industrial_Nathaniel_start4000_2160,50,cddpm,5,86.80094480514526
0.19928698,0.052229077,0.22853681,75.46975612640381,0.2017761082103187,Cockatoo_industrial_Nathaniel_start4000_2160,50,TIMEGAN,2,603.7580490112305
0.19182324,0.05946823,0.24386108,43.84998679161072,0.0911391697602793,Cockatoo_industrial_Nathaniel_start4000_2160,50,CGAN,2,350.79989433288574
0.21297581,0.05938963,0.24369988,74.21165108680725,0.1197281348328642,Cockatoo_industrial_Nathaniel_start4000_2160,70,Real Data,2,593.693208694458
0.19253343,0.055954132,0.23654626,39.28081393241882,0.1706488932216777,Cockatoo_industrial_Nathaniel_start4000_2160,70,VAEGAN,2,314.2465114593506
0.08012661,0.012308142,0.110942066,13.92022967338562,0.8175689519508569,Cockatoo_industrial_Nathaniel_start4000_2160,70,DDPM,2,111.36183738708496
0.07557177,0.011342632,0.106501795,10.058959573507309,0.8318797362842885,Cockatoo_industrial_Nathaniel_start4000_2160,70,cddpm,5,80.47167658805847
0.1484657,0.029723473,0.17240497,51.32167339324951,0.5594392927910219,Cockatoo_industrial_Nathaniel_start4000_2160,70,TIMEGAN,2,410.5733871459961
0.16068207,0.046183776,0.21490411,18.515191972255703,0.3154649716406326,Cockatoo_industrial_Nathaniel_start4000_2160,70,CGAN,2,148.12153577804563
0.21414334,0.06022924,0.24541646,50.55463910102844,0.2345571779036517,Cockatoo_industrial_Nathaniel_start4000_2160,90,Real Data,2,404.43711280822754
0.13331646,0.03044415,0.17448252,19.385355710983276,0.6130906842471395,Cockatoo_industrial_Nathaniel_start4000_2160,90,VAEGAN,2,155.0828456878662
0.08815318,0.01776037,0.13326804,10.501893609762192,0.7742865908549279,Cockatoo_industrial_Nathaniel_start4000_2160,90,DDPM,2,84.01514887809753
0.08132245,0.015096715,0.12286869,9.862945973873138,0.8081385270478756,Cockatoo_industrial_Nathaniel_start4000_2160,90,cddpm,5,78.90356779098511
0.13439205,0.029831631,0.17271836,24.16999787092209,0.6208750818196851,Cockatoo_industrial_Nathaniel_start4000_2160,90,TIMEGAN,2,193.3599829673767
0.16870856,0.04793921,0.21895024,20.273590087890625,0.3907490703540162,Cockatoo_industrial_Nathaniel_start4000_2160,90,CGAN,2,162.188720703125
0.18828836,0.05206634,0.2281805,3.3794011920690536,-0.2489416148927508,Eagle_education_Edith_start4000_2160,30,Real Data,2,27.03520953655243
0.14893578,0.032699894,0.18083112,2.906222455203533,0.2156111612144362,Eagle_education_Edith_start4000_2160,30,VAEGAN,2,23.249779641628265
0.09341955,0.016288295,0.1276256,1.88557468354702,0.6092844430520812,Eagle_education_Edith_start4000_2160,30,DDPM,2,15.08459746837616
0.06527559,0.008564902,0.09254675,1.4259944669902325,0.7945493872499232,Eagle_education_Edith_start4000_2160,30,cddpm,5,11.40795573592186
0.14951967,0.033323035,0.18254597,3.1975872814655304,0.2006636049853365,Eagle_education_Edith_start4000_2160,30,TIMEGAN,2,25.580698251724243
0.15693806,0.03491497,0.18685548,3.169044479727745,0.1624770427622827,Eagle_education_Edith_start4000_2160,30,CGAN,2,25.35235583782196
0.15583761,0.032777537,0.18104568,3.182109445333481,0.0831075292095853,Eagle_education_Edith_start4000_2160,50,Real Data,2,25.456875562667847
0.13026276,0.023771415,0.15417981,2.815049886703491,0.335037577916889,Eagle_education_Edith_start4000_2160,50,VAEGAN,2,22.52039909362793
0.0705963,0.009581531,0.097885296,1.5457993373274805,0.7319739305515699,Eagle_education_Edith_start4000_2160,50,DDPM,2,12.366394698619844
0.053228293,0.006315038,0.079467215,1.1995741166174412,0.8233481992028632,Eagle_education_Edith_start4000_2160,50,cddpm,5,9.59659293293953
0.1328714,0.024576496,0.15676893,2.900260128080845,0.3125168675640786,Eagle_education_Edith_start4000_2160,50,TIMEGAN,2,23.20208102464676
0.12033839,0.021699078,0.14730607,2.77099683880806,0.3930074171325638,Eagle_education_Edith_start4000_2160,50,CGAN,2,22.16797471046448
0.14487791,0.031028714,0.1761497,2.9932746663689613,0.1814729230159677,Eagle_education_Edith_start4000_2160,70,Real Data,2,23.94619733095169
0.13504007,0.02679603,0.16369493,2.6677507907152176,0.2931297433416722,Eagle_education_Edith_start4000_2160,70,VAEGAN,2,21.34200632572174
0.07251581,0.010322994,0.10160214,1.4508876018226144,0.7276828627765384,Eagle_education_Edith_start4000_2160,70,DDPM,2,11.607100814580916
0.051509447,0.005957783,0.07718668,1.140599511563778,0.8428356595909605,Eagle_education_Edith_start4000_2160,70,cddpm,5,9.124796092510223
0.12029088,0.021341782,0.14608827,2.3013776168227196,0.4370109157641744,Eagle_education_Edith_start4000_2160,70,TIMEGAN,2,18.411020934581757
0.09686836,0.016513236,0.12850383,1.94120854139328,0.5643863632784001,Eagle_education_Edith_start4000_2160,70,CGAN,2,15.52966833114624
0.1239671,0.019398147,0.13927723,2.859441563487053,0.2769030194892866,Eagle_education_Edith_start4000_2160,90,Real Data,2,22.875532507896423
0.08545202,0.010531917,0.10262513,2.0080003887414932,0.607405934309055,Eagle_education_Edith_start4000_2160,90,VAEGAN,2,16.064003109931946
0.051937997,0.0048566842,0.069689915,1.200791634619236,0.8189593203595866,Eagle_education_Edith_start4000_2160,90,DDPM,2,9.606333076953888
0.044717807,0.0035655587,0.0597123,0.9703529067337513,0.8670881074911175,Eagle_education_Edith_start4000_2160,90,cddpm,5,7.76282325387001
0.07958553,0.009307328,0.09647449,1.737227477133274,0.6530544633144957,Eagle_education_Edith_start4000_2160,90,TIMEGAN,2,13.897819817066193
0.10139574,0.016666574,0.12909909,2.0918982103466988,0.3787267792897769,Eagle_education_Edith_start4000_2160,90,CGAN,2,16.73518568277359
0.17949878,0.046063367,0.21462378,3.6890849471092224,-0.2266574953567541,Eagle_education_Edith_start8000_2160,30,Real Data,2,29.51267957687378
0.1434852,0.02787396,0.16695496,3.7635505199432373,0.2577225566406088,Eagle_education_Edith_start8000_2160,30,VAEGAN,2,30.1084041595459
0.07476902,0.009410188,0.09700612,1.8463002517819405,0.7494087464771898,Eagle_education_Edith_start8000_2160,30,DDPM,2,14.770402014255524
0.05464868,0.005820963,0.076295234,1.3281872496008873,0.8449890214575884,Eagle_education_Edith_start8000_2160,30,cddpm,5,10.625497996807098
0.15168051,0.030834818,0.17559846,4.000887647271156,0.1788754596690959,Eagle_education_Edith_start8000_2160,30,TIMEGAN,2,32.00710117816925
0.1362273,0.02572926,0.16040343,3.683582693338394,0.3148353792526426,Eagle_education_Edith_start8000_2160,30,CGAN,2,29.468661546707153
0.23601763,0.08110954,0.28479737,4.210721701383591,-1.2655922956484646,Eagle_education_Edith_start8000_2160,50,Real Data,2,33.685773611068726
0.14249685,0.02738453,0.16548271,3.040095418691635,0.2350815426410828,Eagle_education_Edith_start8000_2160,50,VAEGAN,2,24.32076334953308
0.08894566,0.0130317835,0.114156835,1.809460110962391,0.6359896847970145,Eagle_education_Edith_start8000_2160,50,DDPM,2,14.475680887699127
0.05471975,0.006171368,0.07855806,1.192484423518181,0.8276182490026762,Eagle_education_Edith_start8000_2160,50,cddpm,5,9.539875388145449
0.14321162,0.027198264,0.16491896,3.2030779868364334,0.2402844222320728,Eagle_education_Edith_start8000_2160,50,TIMEGAN,2,25.624623894691467
0.15168114,0.030710762,0.17524487,3.301219269633293,0.1421716477020579,Eagle_education_Edith_start8000_2160,50,CGAN,2,26.409754157066345
0.15060623,0.02948613,0.17171526,3.450198844075203,0.1560797176738978,Eagle_education_Edith_start8000_2160,70,Real Data,2,27.601590752601624
0.15019384,0.031215841,0.17668006,2.962123788893223,0.106573850609606,Eagle_education_Edith_start8000_2160,70,VAEGAN,2,23.696990311145782
0.061034027,0.006905267,0.083097935,1.2776365503668785,0.8023648700589255,Eagle_education_Edith_start8000_2160,70,DDPM,2,10.221092402935028
0.048979737,0.0044759484,0.066902526,1.027824729681015,0.8718942237948069,Eagle_education_Edith_start8000_2160,70,cddpm,5,8.22259783744812
0.15419415,0.032307267,0.17974222,3.106541745364666,0.0753362506066636,Eagle_education_Edith_start8000_2160,70,TIMEGAN,2,24.852333962917328
0.12889089,0.023187192,0.15227342,2.7480093762278557,0.3363611562521245,Eagle_education_Edith_start8000_2160,70,CGAN,2,21.984075009822845
0.15845236,0.031659476,0.1779311,3.5204414278268814,0.1631895149283402,Eagle_education_Edith_start8000_2160,90,Real Data,2,28.16353142261505
0.08315298,0.009536291,0.09765393,1.965101808309555,0.7479406158341921,Eagle_education_Edith_start8000_2160,90,VAEGAN,2,15.72081446647644
0.066140674,0.008097229,0.0899846,1.341702789068222,0.785977338822405,Eagle_education_Edith_start8000_2160,90,DDPM,2,10.733622312545776
0.046320673,0.003473085,0.058932886,1.064768061041832,0.9082008342505036,Eagle_education_Edith_start8000_2160,90,cddpm,5,8.518144488334656
0.13156195,0.023499094,0.15329415,2.7803217992186546,0.3788814481105261,Eagle_education_Edith_start8000_2160,90,TIMEGAN,2,22.242574393749237
0.13731512,0.024725312,0.15724285,2.847760356962681,0.3464705212567106,Eagle_education_Edith_start8000_2160,90,CGAN,2,22.782082855701447
0.1604843,0.038436398,0.19605203,3.180864080786705,-0.2484586277245715,Fox_lodging_Angla_start0_2160,30,Real Data,2,25.44691264629364
0.13684349,0.025593929,0.15998103,2.9787974432110786,0.1686795129412243,Fox_lodging_Angla_start0_2160,30,VAEGAN,2,23.83037954568863
0.08009845,0.011021717,0.104984365,1.761728897690773,0.6420018412421856,Fox_lodging_Angla_start0_2160,30,DDPM,2,14.093831181526184
0.059003126,0.006588396,0.081168935,1.2835780158638954,0.7860012626354622,Fox_lodging_Angla_start0_2160,30,cddpm,5,10.268624126911163
0.14423786,0.029319922,0.17123061,3.0344000086188316,0.0476550106440748,Fox_lodging_Angla_start0_2160,30,TIMEGAN,2,24.275200068950653
0.13674274,0.025188724,0.15870956,3.0154919251799583,0.1818410738298014,Fox_lodging_Angla_start0_2160,30,CGAN,2,24.123935401439667
0.16442147,0.03913656,0.19782962,4.602089524269104,-0.3461847448753432,Fox_lodging_Angla_start0_2160,50,Real Data,2,36.81671619415283
0.12667531,0.021370815,0.1461876,2.95258704572916,0.2649056166708721,Fox_lodging_Angla_start0_2160,50,VAEGAN,2,23.62069636583328
0.0782527,0.010111249,0.100554705,1.9766008481383326,0.652202223672969,Fox_lodging_Angla_start0_2160,50,DDPM,2,15.81280678510666
0.04699068,0.0038463443,0.0620189,1.089680939912796,0.8676968650519301,Fox_lodging_Angla_start0_2160,50,cddpm,5,8.717447519302368
0.13009275,0.022222111,0.14907083,3.0654339119791985,0.2356235925224981,Fox_lodging_Angla_start0_2160,50,TIMEGAN,2,24.523471295833588
0.12800883,0.0211204,0.1453286,3.2292813062667847,0.2735192180878701,Fox_lodging_Angla_start0_2160,50,CGAN,2,25.834250450134277
0.14455391,0.02734093,0.16535093,4.209957644343376,-0.0849488423347279,Fox_lodging_Angla_start0_2160,70,Real Data,2,33.67966115474701
0.10596049,0.01551621,0.12456408,2.985190972685814,0.3842822968405008,Fox_lodging_Angla_start0_2160,70,VAEGAN,2,23.88152778148651
0.07612619,0.009448832,0.0972051,2.122156508266926,0.6250493058906398,Fox_lodging_Angla_start0_2160,70,DDPM,2,16.977252066135406
0.051340714,0.0047737425,0.06909227,1.4400187879800794,0.8105672858328011,Fox_lodging_Angla_start0_2160,70,cddpm,5,11.520150303840635
0.12518431,0.02076888,0.14411412,3.455059975385666,0.1758445922204556,Fox_lodging_Angla_start0_2160,70,TIMEGAN,2,27.640479803085327
0.107990965,0.015695756,0.1252827,3.053068183362484,0.3771574829585855,Fox_lodging_Angla_start0_2160,70,CGAN,2,24.424545466899872
0.16687214,0.039388977,0.19846657,3.051590733230114,-0.7987892732591058,Fox_lodging_Angla_start0_2160,90,Real Data,2,24.412725865840912
0.14610933,0.02971496,0.17238028,2.730630151927471,-0.3570027347206881,Fox_lodging_Angla_start0_2160,90,VAEGAN,2,21.84504121541977
0.06296284,0.006331066,0.079568,1.2636084109544754,0.7108771804766545,Fox_lodging_Angla_start0_2160,90,DDPM,2,10.108867287635803
0.045109447,0.003070933,0.055416,0.9615934453904629,0.8597587093186426,Fox_lodging_Angla_start0_2160,90,cddpm,5,7.692747563123703
0.10497003,0.014477207,0.12032127,2.294778823852539,0.338864644416641,Fox_lodging_Angla_start0_2160,90,TIMEGAN,2,18.358230590820312
0.11149679,0.01741858,0.13197947,2.5773800909519196,0.2045401124105513,Fox_lodging_Angla_start0_2160,90,CGAN,2,20.619040727615356
0.2939109,0.1136476,0.3371166,6.093832105398178,-2.6371770307900526,Fox_lodging_Angla_start8000_2160,30,Real Data,2,48.750656843185425
0.14471178,0.028037176,0.16744305,3.274495527148247,0.1026984514596679,Fox_lodging_Angla_start8000_2160,30,VAEGAN,2,26.195964217185978
0.06062126,0.0061402954,0.078360036,1.445784978568554,0.8034860382518574,Fox_lodging_Angla_start8000_2160,30,DDPM,2,11.566279828548431
0.04610723,0.0040347655,0.063519806,1.0322392918169498,0.8708713958057244,Fox_lodging_Angla_start8000_2160,30,cddpm,5,8.257914334535599
0.13867871,0.025198491,0.15874033,3.7609364837408066,0.1935477053694329,Fox_lodging_Angla_start8000_2160,30,TIMEGAN,2,30.087491869926453
0.16242485,0.04002083,0.20005207,3.285021334886551,-0.2808262627393583,Fox_lodging_Angla_start8000_2160,30,CGAN,2,26.280170679092407
0.33511537,0.13426936,0.36642784,6.5993331372737885,-4.11883899421577,Fox_lodging_Angla_start8000_2160,50,Real Data,2,52.79466509819031
0.11885859,0.019352512,0.1391133,2.5964103639125824,0.2622114429925917,Fox_lodging_Angla_start8000_2160,50,VAEGAN,2,20.77128291130066
0.07665443,0.00934017,0.09664455,1.6743965446949005,0.6439185964172086,Fox_lodging_Angla_start8000_2160,50,DDPM,2,13.395172357559204
0.05259852,0.0051462585,0.07173743,1.103625725954771,0.8038058262007843,Fox_lodging_Angla_start8000_2160,50,cddpm,5,8.829005807638168
0.1365457,0.025809264,0.16065262,2.6995252817869186,0.0160565040043093,Fox_lodging_Angla_start8000_2160,50,TIMEGAN,2,21.59620225429535
0.12269328,0.020631576,0.14363696,2.5924867019057274,0.2134488798654963,Fox_lodging_Angla_start8000_2160,50,CGAN,2,20.73989361524582
0.121171646,0.022982784,0.15160073,3.2158758491277695,-0.0357793605669953,Fox_lodging_Angla_start8000_2160,70,Real Data,2,25.727006793022156
0.12015396,0.019093128,0.13817789,2.5165652856230736,0.1395181629254099,Fox_lodging_Angla_start8000_2160,70,VAEGAN,2,20.13252228498459
0.12383191,0.021172127,0.14550646,2.4413490667939186,0.0458226420515331,Fox_lodging_Angla_start8000_2160,70,DDPM,2,19.53079253435135
0.048445594,0.003695194,0.060788106,1.0733437724411488,0.8334664084497564,Fox_lodging_Angla_start8000_2160,70,cddpm,5,8.58675017952919
0.12289416,0.020016497,0.14147967,2.5761833414435387,0.0979041851129821,Fox_lodging_Angla_start8000_2160,70,TIMEGAN,2,20.60946673154831
0.12070617,0.019420529,0.13935755,2.606147527694702,0.1247629975391351,Fox_lodging_Angla_start8000_2160,70,CGAN,2,20.849180221557617
0.12203496,0.019882951,0.14100692,2.58049163967371,0.0979329260946243,Fox_lodging_Angla_start8000_2160,90,Real Data,2,20.64393311738968
0.13481107,0.024426285,0.1562891,2.824585512280464,-0.1081930110030624,Fox_lodging_Angla_start8000_2160,90,VAEGAN,2,22.596684098243713
0.06246104,0.0060044657,0.07748849,1.3346990570425987,0.727584161533235,Fox_lodging_Angla_start8000_2160,90,DDPM,2,10.67759245634079
0.048034407,0.0034788793,0.058982026,1.1026895605027676,0.8421671613709433,Fox_lodging_Angla_start8000_2160,90,cddpm,5,8.82151648402214
0.12018328,0.019023314,0.13792503,2.609117701649666,0.1369336291528029,Fox_lodging_Angla_start8000_2160,90,TIMEGAN,2,20.872941613197327
0.12996945,0.022556718,0.15018894,2.88204550743103,-0.0233729024339686,Fox_lodging_Angla_start8000_2160,90,CGAN,2,23.05636405944824
0.0789626,0.012979696,0.11392847,1.6562815755605698,-0.4557065322467484,Fox_lodging_Frances_start0_2160,30,Real Data,2,13.250252604484558
0.07460607,0.009067348,0.09522262,1.7699332907795906,-0.0169267184329593,Fox_lodging_Frances_start0_2160,30,VAEGAN,2,14.159466326236725
0.064851,0.0080268225,0.08959254,1.4983871020376682,0.0997709080051741,Fox_lodging_Frances_start0_2160,30,DDPM,2,11.987096816301346
0.05774277,0.0064059626,0.08003726,1.3071034103631975,0.2815546200853447,Fox_lodging_Frances_start0_2160,30,cddpm,5,10.45682728290558
0.075311355,0.009143375,0.095621,1.7871158197522163,-0.025453342763422,Fox_lodging_Frances_start0_2160,30,TIMEGAN,2,14.29692655801773
0.07198307,0.008704333,0.09329701,1.6983648762106895,0.0237863969125451,Fox_lodging_Frances_start0_2160,30,CGAN,2,13.586919009685516
0.06612555,0.00839164,0.091605894,1.6605373471975324,0.0764087859557598,Fox_lodging_Frances_start0_2160,50,Real Data,2,13.28429877758026
0.06344211,0.008086966,0.08992756,1.5821777284145355,0.1099413495558493,Fox_lodging_Frances_start0_2160,50,VAEGAN,2,12.657421827316284
0.064345405,0.008383816,0.09156318,1.6060488298535347,0.0772698316412542,Fox_lodging_Frances_start0_2160,50,DDPM,2,12.848390638828278
0.057510976,0.00640555,0.08003468,1.4279224909842014,0.2949995586621677,Fox_lodging_Frances_start0_2160,50,cddpm,5,11.423379927873611
0.0636792,0.008847791,0.09406269,1.5708088874816895,0.0262043849663758,Fox_lodging_Frances_start0_2160,50,TIMEGAN,2,12.566471099853516
0.06689911,0.00855313,0.09248313,1.6832197085022924,0.0586350421380494,Fox_lodging_Frances_start0_2160,50,CGAN,2,13.46575766801834
0.059872564,0.009242975,0.09614039,1.6554340720176695,0.0250823472148007,Fox_lodging_Frances_start0_2160,70,Real Data,2,13.243472576141356
0.06427135,0.008907093,0.0943774,1.8688000738620758,0.0605099642121553,Fox_lodging_Frances_start0_2160,70,VAEGAN,2,14.950400590896606
0.0554112,0.0079151075,0.08896689,1.5850672498345375,0.1651413221141704,Fox_lodging_Frances_start0_2160,70,DDPM,2,12.6805379986763
0.053425107,0.006043249,0.07773834,1.490984857082367,0.3625786155815749,Fox_lodging_Frances_start0_2160,70,cddpm,5,11.927878856658936
0.059046686,0.008162793,0.09034818,1.7017656937241554,0.1390161859446941,Fox_lodging_Frances_start0_2160,70,TIMEGAN,2,13.614125549793243
0.06559541,0.009109316,0.09544274,1.9078347831964493,0.0391801469476474,Fox_lodging_Frances_start0_2160,70,CGAN,2,15.262678265571594
0.061121438,0.005029498,0.070918955,1.3385497964918613,-0.0885871078190545,Fox_lodging_Frances_start0_2160,90,Real Data,2,10.70839837193489
0.07313474,0.0067686723,0.08227194,1.63399800658226,-0.4650149415408851,Fox_lodging_Frances_start0_2160,90,VAEGAN,2,13.07198405265808
0.057920575,0.0046415525,0.06812894,1.2675664387643337,-0.0046200184073625,Fox_lodging_Frances_start0_2160,90,DDPM,2,10.14053151011467
0.053209584,0.004037222,0.06353914,1.1645891703665254,0.126181629070063,Fox_lodging_Frances_start0_2160,90,cddpm,5,9.316713362932203
0.059299007,0.00477282,0.0690856,1.291167363524437,-0.0330316394355376,Fox_lodging_Frances_start0_2160,90,TIMEGAN,2,10.329338908195496
0.056505937,0.004716173,0.0686744,1.221936382353306,-0.0207709118468419,Fox_lodging_Frances_start0_2160,90,CGAN,2,9.775491058826448
0.09108585,0.013007366,0.11404984,1.9824158400297165,0.1522119338080524,Fox_lodging_Frances_start4000_2160,30,Real Data,2,15.859326720237732
0.10345233,0.014911002,0.12211061,2.449616603553295,0.0281376599024029,Fox_lodging_Frances_start4000_2160,30,VAEGAN,2,19.59693282842636
0.07055821,0.007819143,0.08842592,1.706879213452339,0.4903674703883022,Fox_lodging_Frances_start4000_2160,30,DDPM,2,13.655033707618712
0.046783436,0.0037724143,0.061419982,1.054985634982586,0.7541233204264708,Fox_lodging_Frances_start4000_2160,30,cddpm,5,8.439885079860687
0.10847078,0.016254427,0.12749285,2.606689929962158,-0.0594235213025535,Fox_lodging_Frances_start4000_2160,30,TIMEGAN,2,20.853519439697266
0.10343917,0.015015807,0.122539,2.466784603893757,0.0213066045982357,Fox_lodging_Frances_start4000_2160,30,CGAN,2,19.734276831150055
0.08940588,0.012279048,0.11081086,2.0497018471360207,0.1934319697035695,Fox_lodging_Frances_start4000_2160,50,Real Data,2,16.397614777088165
0.08506433,0.010970016,0.10473784,1.9879434257745743,0.2794177104989673,Fox_lodging_Frances_start4000_2160,50,VAEGAN,2,15.903547406196594
0.06952603,0.007540107,0.08683379,1.6930369660258295,0.5047165588926934,Fox_lodging_Frances_start4000_2160,50,DDPM,2,13.544295728206636
0.04706778,0.00394237,0.06278829,1.1005804874002934,0.7410394008651151,Fox_lodging_Frances_start4000_2160,50,cddpm,5,8.804643899202347
0.091680646,0.012630161,0.11238399,2.155972272157669,0.1703686324246144,Fox_lodging_Frances_start4000_2160,50,TIMEGAN,2,17.247778177261353
0.1011737,0.014490758,0.12037756,2.4205414578318596,0.0481524203453926,Fox_lodging_Frances_start4000_2160,50,CGAN,2,19.364331662654877
0.1121325,0.01633328,0.12780172,2.743137441575527,-0.1677530571704064,Fox_lodging_Frances_start4000_2160,70,Real Data,2,21.945099532604218
0.0894,0.011222423,0.10593594,2.1088143810629845,0.1976493583963225,Fox_lodging_Frances_start4000_2160,70,VAEGAN,2,16.870515048503876
0.06575806,0.006650139,0.081548385,1.5739021822810173,0.5245461883963478,Fox_lodging_Frances_start4000_2160,70,DDPM,2,12.591217458248138
0.043621015,0.0032955806,0.05740715,0.9547125548124313,0.7643814215207582,Fox_lodging_Frances_start4000_2160,70,cddpm,5,7.637700438499451
0.079798274,0.009211789,0.09597807,1.8587440252304077,0.3414002489233254,Fox_lodging_Frances_start4000_2160,70,TIMEGAN,2,14.869952201843262
0.08528402,0.010745912,0.10366249,1.9619716331362724,0.2317176202860221,Fox_lodging_Frances_start4000_2160,70,CGAN,2,15.69577306509018
0.07539593,0.009327548,0.09657923,1.6327084973454475,0.1619282505184133,Fox_lodging_Frances_start4000_2160,90,Real Data,2,13.06166797876358
0.0764451,0.008693621,0.09323959,1.824362762272358,0.2188859387322692,Fox_lodging_Frances_start4000_2160,90,VAEGAN,2,14.594902098178864
0.06373079,0.0064299447,0.08018693,1.52571527287364,0.4222752342862189,Fox_lodging_Frances_start4000_2160,90,DDPM,2,12.20572218298912
0.03924818,0.0025857508,0.05085028,0.89136753231287,0.7676726117578387,Fox_lodging_Frances_start4000_2160,90,cddpm,5,7.13094025850296
0.07074878,0.007829434,0.08848409,1.649344153702259,0.2965323909964137,Fox_lodging_Frances_start4000_2160,90,TIMEGAN,2,13.194753229618073
0.075295836,0.008566258,0.09255408,1.764449290931225,0.2303294142175993,Fox_lodging_Frances_start4000_2160,90,CGAN,2,14.1155943274498
0.13723029,0.032923263,0.18144768,3.140994906425476,0.0044330306502409,Hog_health_Hisako_start4000_2160,30,Real Data,2,25.12795925140381
0.14462857,0.030998416,0.17606367,3.551745042204857,0.0626385024384389,Hog_health_Hisako_start4000_2160,30,VAEGAN,2,28.413960337638855
0.06601832,0.009168455,0.09575205,1.6124814748764038,0.7227549695465684,Hog_health_Hisako_start4000_2160,30,DDPM,2,12.89985179901123
0.047743402,0.0049406975,0.070290096,1.247621513903141,0.8505981777055855,Hog_health_Hisako_start4000_2160,30,cddpm,5,9.980972111225128
0.14275087,0.02649771,0.16278118,3.752215579152107,0.1987353581226731,Hog_health_Hisako_start4000_2160,30,TIMEGAN,2,30.017724633216854
0.14397456,0.029781403,0.1725729,3.578208386898041,0.0994398295141534,Hog_health_Hisako_start4000_2160,30,CGAN,2,28.62566709518433
0.12710682,0.028499179,0.168817,3.093637526035309,0.1478905898829996,Hog_health_Hisako_start4000_2160,50,Real Data,2,24.74910020828247
0.12459638,0.02644669,0.16262439,3.1314022839069366,0.2092588823948058,Hog_health_Hisako_start4000_2160,50,VAEGAN,2,25.051218271255493
0.05907343,0.00713084,0.0844443,1.622644253075123,0.7867919097121026,Hog_health_Hisako_start4000_2160,50,DDPM,2,12.981154024600984
0.039939426,0.0034921204,0.059094165,1.3237454928457737,0.8955875627886638,Hog_health_Hisako_start4000_2160,50,cddpm,5,10.58996394276619
0.13593794,0.028000519,0.16733356,3.452784940600395,0.1628002921505051,Hog_health_Hisako_start4000_2160,50,TIMEGAN,2,27.62227952480316
0.12154693,0.0258814,0.16087697,2.91893295943737,0.2261606763101854,Hog_health_Hisako_start4000_2160,50,CGAN,2,23.35146367549896
0.11732169,0.02569545,0.160298,2.256375178694725,0.0358077946969148,Hog_health_Hisako_start4000_2160,70,Real Data,2,18.0510014295578
0.09586581,0.015022989,0.1225683,1.992208883166313,0.4362796261479841,Hog_health_Hisako_start4000_2160,70,VAEGAN,2,15.937671065330504
0.046560742,0.0044000265,0.0663327,0.9415248408913612,0.8348940794022353,Hog_health_Hisako_start4000_2160,70,DDPM,2,7.53219872713089
0.029909646,0.0017319105,0.041616227,0.6263779476284981,0.9350120539188096,Hog_health_Hisako_start4000_2160,70,cddpm,5,5.011023581027985
0.104669936,0.016885048,0.12994248,2.2059138864278793,0.3664080201197882,Hog_health_Hisako_start4000_2160,70,TIMEGAN,2,17.647311091423035
0.09457683,0.01880396,0.13712753,1.796478219330311,0.2944031165993481,Hog_health_Hisako_start4000_2160,70,CGAN,2,14.371825754642488
0.13765262,0.022072447,0.14856799,3.2620396465063095,0.137597266457491,Hog_health_Hisako_start4000_2160,90,Real Data,2,26.096317172050476
0.100361355,0.015814321,0.125755,2.2420190274715424,0.3821114148956802,Hog_health_Hisako_start4000_2160,90,VAEGAN,2,17.93615221977234
0.051280234,0.00560816,0.07488765,1.05409799143672,0.7808810079210005,Hog_health_Hisako_start4000_2160,90,DDPM,2,8.43278393149376
0.03348749,0.0025177437,0.050177123,0.693719694390893,0.9016280819878008,Hog_health_Hisako_start4000_2160,90,cddpm,5,5.549757555127144
0.08317842,0.0095541375,0.09774527,1.885056309401989,0.6267059395359321,Hog_health_Hisako_start4000_2160,90,TIMEGAN,2,15.080450475215912
0.094497874,0.018181307,0.13483807,1.8398990854620936,0.28962984457594,Hog_health_Hisako_start4000_2160,90,CGAN,2,14.719192683696749
0.19119029,0.054956187,0.23442736,7.441753149032593,0.0913025822559402,Hog_health_Hisako_start8000_2160,30,Real Data,2,59.53402519226074
0.16583054,0.043474738,0.20850596,6.172496452927589,0.2811477095424574,Hog_health_Hisako_start8000_2160,30,VAEGAN,2,49.379971623420715
0.056324605,0.0076334416,0.08736957,2.0571574568748474,0.8737814851001355,Hog_health_Hisako_start8000_2160,30,DDPM,2,16.45725965499878
0.04976198,0.005111002,0.07149127,1.9260216504335406,0.9154898872890244,Hog_health_Hisako_start8000_2160,30,cddpm,5,15.408173203468325
0.18736881,0.048383277,0.21996199,7.7570416033267975,0.1999853316942493,Hog_health_Hisako_start8000_2160,30,TIMEGAN,2,62.05633282661438
0.16833872,0.05265028,0.22945648,5.541907623410225,0.1294306637303215,Hog_health_Hisako_start8000_2160,30,CGAN,2,44.3352609872818
0.18328093,0.04791151,0.21888699,7.406426221132278,0.1845559796560421,Hog_health_Hisako_start8000_2160,50,Real Data,2,59.25140976905823
0.13993348,0.03878941,0.19695027,4.4731587171554565,0.3398122668927373,Hog_health_Hisako_start8000_2160,50,VAEGAN,2,35.78526973724365
0.050274614,0.005560448,0.07456841,1.8802687525749204,0.9053623205987882,Hog_health_Hisako_start8000_2160,50,DDPM,2,15.042150020599363
0.038709275,0.0032511067,0.057018477,1.4859803020954132,0.9446668345693952,Hog_health_Hisako_start8000_2160,50,cddpm,5,11.887842416763306
0.14597613,0.04339455,0.20831358,4.60582822561264,0.2614337462807569,Hog_health_Hisako_start8000_2160,50,TIMEGAN,2,36.84662580490112
0.12044354,0.02808317,0.16758034,4.24293540418148,0.5220302379731423,Hog_health_Hisako_start8000_2160,50,CGAN,2,33.94348323345184
0.17422992,0.042924598,0.20718253,6.993386149406433,0.2920405613469831,Hog_health_Hisako_start8000_2160,70,Real Data,2,55.947089195251465
0.08216954,0.015608752,0.12493499,2.98172440379858,0.7425633757050802,Hog_health_Hisako_start8000_2160,70,VAEGAN,2,23.85379523038864
0.05249173,0.005961385,0.07721001,1.917337253689766,0.901678314034846,Hog_health_Hisako_start8000_2160,70,DDPM,2,15.338698029518127
0.038044572,0.0030690525,0.05539903,1.456309948116541,0.9493818311034078,Hog_health_Hisako_start8000_2160,70,cddpm,5,11.650479584932327
0.09546586,0.021136966,0.14538558,2.746995538473129,0.6513860134902547,Hog_health_Hisako_start8000_2160,70,TIMEGAN,2,21.97596430778503
0.15847021,0.04381088,0.20931049,5.455252900719643,0.2774230248390739,Hog_health_Hisako_start8000_2160,70,CGAN,2,43.64202320575714
0.20963971,0.051296595,0.22648752,12.327515333890915,-0.0365437476774392,Hog_health_Hisako_start8000_2160,90,Real Data,2,98.62012267112732
0.07909092,0.016140373,0.12704477,2.582153305411339,0.6738535415216288,Hog_health_Hisako_start8000_2160,90,VAEGAN,2,20.65722644329071
0.054666895,0.0050010243,0.07071792,2.9284000396728516,0.8989449536697431,Hog_health_Hisako_start8000_2160,90,DDPM,2,23.427200317382812
0.041558336,0.0031056085,0.05572799,2.1390363574028015,0.9372453693401818,Hog_health_Hisako_start8000_2160,90,cddpm,5,17.112290859222412
0.06661093,0.008915008,0.09441932,3.3336393535137177,0.8198556002003268,Hog_health_Hisako_start8000_2160,90,TIMEGAN,2,26.66911482810974
0.09292239,0.016949732,0.13019113,3.7733715027570724,0.6574989418860637,Hog_health_Hisako_start8000_2160,90,CGAN,2,30.18697202205658
0.23435958,0.064603165,0.25417152,9.094815701246262,0.0361710249785479,Hog_public_Kevin_start0_2160,30,Real Data,2,72.75852560997009
0.1953393,0.050171565,0.2239901,8.432940393686295,0.2514792689839192,Hog_public_Kevin_start0_2160,30,VAEGAN,2,67.46352314949036
0.07690136,0.011508459,0.10727749,3.3534206449985504,0.8283027200504034,Hog_public_Kevin_start0_2160,30,DDPM,2,26.827365159988403
0.06974865,0.009827781,0.09913516,3.0920805409550667,0.8533771475219705,Hog_public_Kevin_start0_2160,30,cddpm,5,24.736644327640533
0.20537451,0.055673733,0.23595282,9.14602279663086,0.1693912184532179,Hog_public_Kevin_start0_2160,30,TIMEGAN,2,73.16818237304688
0.2078522,0.06146655,0.24792448,10.004942864179611,0.0829669343444839,Hog_public_Kevin_start0_2160,30,CGAN,2,80.03954291343689
0.2131457,0.05791318,0.24065158,9.668172150850296,0.1593798790943376,Hog_public_Kevin_start0_2160,50,Real Data,2,77.34537720680237
0.19867343,0.05185014,0.22770625,9.013359248638153,0.2473859802751246,Hog_public_Kevin_start0_2160,50,VAEGAN,2,72.10687398910522
0.08951113,0.015730772,0.12542237,3.8286998867988586,0.7716649986996965,Hog_public_Kevin_start0_2160,50,DDPM,2,30.62959909439087
0.057723112,0.008138613,0.09021426,2.4679481983184814,0.8818665882240477,Hog_public_Kevin_start0_2160,50,cddpm,5,19.74358558654785
0.18826224,0.04934785,0.22214377,9.098085761070251,0.2837071000672082,Hog_public_Kevin_start0_2160,50,TIMEGAN,2,72.78468608856201
0.22124189,0.060163114,0.24528171,9.651900082826614,0.126721615768504,Hog_public_Kevin_start0_2160,50,CGAN,2,77.21520066261292
0.20209615,0.053176943,0.23060127,9.867747873067856,0.2404787412813066,Hog_public_Kevin_start0_2160,70,Real Data,2,78.94198298454285
0.23418602,0.080179915,0.28316057,12.51622885465622,-0.1452022312178451,Hog_public_Kevin_start0_2160,70,VAEGAN,2,100.12983083724976
0.13865975,0.033342034,0.18259801,7.489399611949921,0.5237788084601511,Hog_public_Kevin_start0_2160,70,DDPM,2,59.915196895599365
0.06737028,0.009746149,0.098722585,3.1606990844011307,0.860796659011505,Hog_public_Kevin_start0_2160,70,cddpm,5,25.285592675209045
0.15750445,0.03350973,0.18305664,6.141103804111481,0.5213836538490476,Hog_public_Kevin_start0_2160,70,TIMEGAN,2,49.128830432891846
0.12918246,0.029553846,0.17191231,4.753078892827034,0.5778852063740777,Hog_public_Kevin_start0_2160,70,CGAN,2,38.02463114261627
0.19057222,0.04324914,0.20796429,7.734862715005875,0.3254473228999311,Hog_public_Kevin_start0_2160,90,Real Data,2,61.878901720047
0.10931306,0.020742502,0.14402257,5.292145907878876,0.6764811742626073,Hog_public_Kevin_start0_2160,90,VAEGAN,2,42.337167263031006
0.076875135,0.012181556,0.110370085,3.6139745265245438,0.8100054651101737,Hog_public_Kevin_start0_2160,90,DDPM,2,28.91179621219635
0.06069511,0.010275817,0.1013697,2.746712602674961,0.839729072469554,Hog_public_Kevin_start0_2160,90,cddpm,5,21.97370082139969
0.15006812,0.032448217,0.1801339,6.069077551364899,0.4939083530555618,Hog_public_Kevin_start0_2160,90,TIMEGAN,2,48.55262041091919
0.14464344,0.03526422,0.1877877,4.969416186213493,0.4499873673978239,Hog_public_Kevin_start0_2160,90,CGAN,2,39.75532948970795
0.24036698,0.0722447,0.26878375,21.844017505645752,0.1582787266771861,Hog_public_Kevin_start8000_2160,30,Real Data,2,174.75214004516602
0.23132695,0.06859473,0.26190597,22.01608568429947,0.2008044175200402,Hog_public_Kevin_start8000_2160,30,VAEGAN,2,176.12868547439575
0.08578177,0.014028675,0.11844271,6.878463178873062,0.8365522386858844,Hog_public_Kevin_start8000_2160,30,DDPM,2,55.0277054309845
0.07456268,0.0115890745,0.10765257,5.461141467094421,0.8649759552408463,Hog_public_Kevin_start8000_2160,30,cddpm,5,43.68913173675537
0.21113305,0.06089507,0.24676926,21.24997079372406,0.2905130074947698,Hog_public_Kevin_start8000_2160,30,TIMEGAN,2,169.99976634979248
0.23313808,0.066986896,0.25881827,17.694948613643646,0.2195373354264211,Hog_public_Kevin_start8000_2160,30,CGAN,2,141.55958890914917
0.26560467,0.08373187,0.2893646,22.20049798488617,0.0844559374884196,Hog_public_Kevin_start8000_2160,50,Real Data,2,177.60398387908936
0.23715328,0.06887532,0.26244107,24.400870501995087,0.246900940669336,Hog_public_Kevin_start8000_2160,50,VAEGAN,2,195.2069640159607
0.091517806,0.01636421,0.12792267,8.678147196769714,0.8210698541953326,Hog_public_Kevin_start8000_2160,50,DDPM,2,69.42517757415771
0.07429564,0.012365337,0.111199535,7.1440160274505615,0.8647944630941322,Hog_public_Kevin_start8000_2160,50,cddpm,5,57.15212821960449
0.2604641,0.08614099,0.29349786,30.52874803543091,0.0581140058307499,Hog_public_Kevin_start8000_2160,50,TIMEGAN,2,244.2299842834473
0.21314049,0.06354997,0.2520912,23.20472151041031,0.3051295849670852,Hog_public_Kevin_start8000_2160,50,CGAN,2,185.63777208328247
0.23981678,0.07663181,0.2768245,30.26095926761627,0.2017613290417204,Hog_public_Kevin_start8000_2160,70,Real Data,2,242.08767414093015
0.20210055,0.056001063,0.23664545,25.209468603134155,0.4166624102189725,Hog_public_Kevin_start8000_2160,70,VAEGAN,2,201.67574882507324
0.08723652,0.015423253,0.12419039,8.116920292377472,0.8393429876681249,Hog_public_Kevin_start8000_2160,70,DDPM,2,64.93536233901978
0.079212785,0.01129716,0.1062881,6.458364427089691,0.8823226269557648,Hog_public_Kevin_start8000_2160,70,cddpm,5,51.66691541671753
0.23307617,0.067988046,0.26074517,26.73143446445465,0.2917994047799754,Hog_public_Kevin_start8000_2160,70,TIMEGAN,2,213.8514757156372
0.12772647,0.032771084,0.18102786,12.350670248270035,0.6586385269312747,Hog_public_Kevin_start8000_2160,70,CGAN,2,98.80536198616028
0.23026256,0.06640364,0.25768903,37.51192390918732,0.3568156549770493,Hog_public_Kevin_start8000_2160,90,Real Data,2,300.09539127349854
0.118995845,0.029342541,0.17129664,15.52000641822815,0.715788771451356,Hog_public_Kevin_start8000_2160,90,VAEGAN,2,124.1600513458252
0.09315822,0.017841136,0.13357072,14.267681539058685,0.8271911277789397,Hog_public_Kevin_start8000_2160,90,DDPM,2,114.14145231246948
0.063315526,0.00936444,0.09677004,9.314467757940292,0.9092962301654878,Hog_public_Kevin_start8000_2160,90,cddpm,5,74.51574206352234
0.18071957,0.043148946,0.20772325,22.375302016735077,0.5820601989895893,Hog_public_Kevin_start8000_2160,90,TIMEGAN,2,179.00241613388062
0.16999547,0.049108595,0.22160459,15.774276852607727,0.524335168249862,Hog_public_Kevin_start8000_2160,90,CGAN,2,126.19421482086182
0.015630689,0.00030698924,0.017521108,0.0019538360647857124,0.0,Panther_other_Lucina_start0_2160,30,Real Data,2,0.0156306885182857
0.0033222158,1.6236036e-05,0.0040293965,0.000415276968851675,0.0,Panther_other_Lucina_start0_2160,30,VAEGAN,2,0.0033222157508134
0.0155305695,0.00024609888,0.015687538,0.001941321184858675,0.0,Panther_other_Lucina_start0_2160,30,DDPM,2,0.0155305694788694
0.012955016,0.00016884155,0.012993905,0.00161937705706805,0.0,Panther_other_Lucina_start0_2160,30,cddpm,5,0.0129550164565444
0.00088431506,1.1662664e-06,0.0010799381,0.0001105393821489875,0.0,Panther_other_Lucina_start0_2160,30,TIMEGAN,2,0.0008843150571919
0.004465131,3.2440315e-05,0.00569564,0.0005581413861364125,0.0,Panther_other_Lucina_start0_2160,30,CGAN,2,0.0044651310890913
0.0032487724,1.6345666e-05,0.0040429775,0.0004060965438839,0.0,Panther_other_Lucina_start0_2160,50,Real Data,2,0.0032487723510712
0.0037261203,2.1241372e-05,0.0046088365,0.0004657650424633125,0.0,Panther_other_Lucina_start0_2160,50,VAEGAN,2,0.0037261203397065
0.016410725,0.000270569,0.016448982,0.0020513406489044376,0.0,Panther_other_Lucina_start0_2160,50,DDPM,2,0.0164107251912355
0.012489631,0.0001565581,0.012512318,0.0015612038550898374,0.0,Panther_other_Lucina_start0_2160,50,cddpm,5,0.0124896308407187
0.0022568714,7.665902e-06,0.0027687366,0.000282108929241075,0.0,Panther_other_Lucina_start0_2160,50,TIMEGAN,2,0.0022568714339286
0.002157994,7.2582225e-06,0.0026941088,0.0002697492600418625,0.0,Panther_other_Lucina_start0_2160,50,CGAN,2,0.0021579940803349
0.002608085,9.629812e-06,0.0031031938,0.0003260106313973625,0.0,Panther_other_Lucina_start0_2160,70,Real Data,2,0.0026080850511789
0.00030015796,1.5219159e-07,0.0003901174,3.75197450921375e-05,0.0,Panther_other_Lucina_start0_2160,70,VAEGAN,2,0.0003001579607371
0.0147084445,0.00021745655,0.014746408,0.00183855555951595,0.0,Panther_other_Lucina_start0_2160,70,DDPM,2,0.0147084444761276
0.011311245,0.00012815656,0.011320625,0.0014139056438580125,0.0,Panther_other_Lucina_start0_2160,70,cddpm,5,0.0113112451508641
0.0016355156,4.1291323e-06,0.0020320266,0.0002044394495896875,0.0,Panther_other_Lucina_start0_2160,70,TIMEGAN,2,0.0016355155967175
0.0021647238,7.195014e-06,0.0026823522,0.000270590477157375,0.0,Panther_other_Lucina_start0_2160,70,CGAN,2,0.002164723817259
0.000995356,1.458739e-06,0.0012077827,0.0001244195009348875,0.0,Panther_other_Lucina_start0_2160,90,Real Data,2,0.0009953560074791
0.002156115,6.2459253e-06,0.002499185,0.0002695143630262375,0.0,Panther_other_Lucina_start0_2160,90,VAEGAN,2,0.0021561149042099
0.013178981,0.0001749157,0.013225569,0.0016473726136609875,0.0,Panther_other_Lucina_start0_2160,90,DDPM,2,0.0131789809092879
0.010901266,0.00011913253,0.010914785,0.001362658222205925,0.0,Panther_other_Lucina_start0_2160,90,cddpm,5,0.0109012657776474
0.0021795211,6.772324e-06,0.0026023688,0.000272440141998225,0.0,Panther_other_Lucina_start0_2160,90,TIMEGAN,2,0.0021795211359858
0.002671202,1.0660508e-05,0.0032650435,0.000333900243276725,0.0,Panther_other_Lucina_start0_2160,90,CGAN,2,0.0026712019462138
0.16131441,0.043493405,0.20855072,9.726187586784363,-0.0372836815922397,Panther_other_Lucina_start4000_2160,30,Real Data,2,77.8095006942749
0.14072953,0.03201281,0.17892124,10.123633593320847,0.2365195649685214,Panther_other_Lucina_start4000_2160,30,VAEGAN,2,80.98906874656677
0.07882357,0.01055741,0.10274926,5.286514386534691,0.7482140279222207,Panther_other_Lucina_start4000_2160,30,DDPM,2,42.29211509227753
0.0476756,0.0041118483,0.0641237,2.310893312096596,0.9019356355981892,Panther_other_Lucina_start4000_2160,30,cddpm,5,18.48714649677277
0.13216771,0.027197791,0.16491753,9.446568787097931,0.3513539528397618,Panther_other_Lucina_start4000_2160,30,TIMEGAN,2,75.57255029678345
0.15766704,0.041302975,0.20323133,10.71290671825409,0.014956360191518,Panther_other_Lucina_start4000_2160,30,CGAN,2,85.70325374603271
0.14455596,0.033106692,0.18195245,7.582607120275497,0.2128618042011913,Panther_other_Lucina_start4000_2160,50,Real Data,2,60.66085696220398
0.15464832,0.036405228,0.19080155,5.612995475530624,0.1344364913300137,Panther_other_Lucina_start4000_2160,50,VAEGAN,2,44.903963804244995
0.07317287,0.008060242,0.08977885,3.35770845413208,0.8083612804188581,Panther_other_Lucina_start4000_2160,50,DDPM,2,26.86166763305664
0.048346743,0.004020465,0.06340714,1.715889573097229,0.9044102133876656,Panther_other_Lucina_start4000_2160,50,cddpm,5,13.727116584777832
0.110865995,0.02054013,0.14331828,5.946764722466469,0.5116418956702413,Panther_other_Lucina_start4000_2160,50,TIMEGAN,2,47.57411777973175
0.11671306,0.024109263,0.15527157,4.851733148097992,0.4267828802620056,Panther_other_Lucina_start4000_2160,50,CGAN,2,38.813865184783936
0.16305676,0.043042935,0.20746791,9.90423709154129,0.2266182792658385,Panther_other_Lucina_start4000_2160,70,Real Data,2,79.23389673233032
0.12849498,0.026454544,0.16264853,7.3519304394721985,0.5246732481129657,Panther_other_Lucina_start4000_2160,70,VAEGAN,2,58.81544351577759
0.06470261,0.006995735,0.08364051,3.620920330286026,0.8743028740262611,Panther_other_Lucina_start4000_2160,70,DDPM,2,28.967362642288208
0.052676413,0.004921628,0.07015432,2.085377462208271,0.9115697624297004,Panther_other_Lucina_start4000_2160,70,cddpm,5,16.683019697666168
0.1152676,0.02299846,0.15165243,7.917557656764984,0.5867710128369894,Panther_other_Lucina_start4000_2160,70,TIMEGAN,2,63.34046125411987
0.1319276,0.029417828,0.17151625,6.837976723909378,0.4714299097268828,Panther_other_Lucina_start4000_2160,70,CGAN,2,54.703813791275024
0.16458215,0.040835716,0.20207849,6.7740388214588165,0.2064310358252041,Panther_other_Lucina_start4000_2160,90,Real Data,2,54.19231057167053
0.11437572,0.021091022,0.14522748,4.221034795045853,0.590133818062166,Panther_other_Lucina_start4000_2160,90,VAEGAN,2,33.76827836036682
0.06961108,0.007901044,0.08888782,2.773945778608322,0.8464573754181584,Panther_other_Lucina_start4000_2160,90,DDPM,2,22.191566228866577
0.041617997,0.0032508841,0.057016525,1.24907735735178,0.936824898443479,Panther_other_Lucina_start4000_2160,90,cddpm,5,9.99261885881424
0.111680515,0.02378146,0.15421239,3.4745123237371445,0.5378499824995924,Panther_other_Lucina_start4000_2160,90,TIMEGAN,2,27.796098589897156
0.12966773,0.028524665,0.16889247,4.078978672623634,0.445674246885038,Panther_other_Lucina_start4000_2160,90,CGAN,2,32.631829380989075
0.07822865,0.0061541707,0.07844852,0.00977858155965805,0.0,Rat_public_Alexander_start4000_2160,30,Real Data,2,0.0782286524772644
0.020793902,0.00062653964,0.025030773,0.002599237719550725,0.0,Rat_public_Alexander_start4000_2160,30,VAEGAN,2,0.0207939017564058
0.017445758,0.00047805696,0.021864513,0.002180719748139375,0.0,Rat_public_Alexander_start4000_2160,30,DDPM,2,0.017445757985115
0.0065323855,4.576885e-05,0.006765268,0.00081654818495735,0.0,Rat_public_Alexander_start4000_2160,30,cddpm,5,0.0065323854796588
0.022265932,0.00077684206,0.027871886,0.0027832414489239376,0.0,Rat_public_Alexander_start4000_2160,30,TIMEGAN,2,0.0222659315913915
0.015598727,0.00040036003,0.020008998,0.00194984092377125,0.0,Rat_public_Alexander_start4000_2160,30,CGAN,2,0.01559872739017
0.004739012,3.4423265e-05,0.0058671343,0.0005923765129409625,0.0,Rat_public_Alexander_start4000_2160,50,Real Data,2,0.0047390121035277
0.024041478,0.0010867247,0.032965507,0.0030051846988499126,0.0,Rat_public_Alexander_start4000_2160,50,VAEGAN,2,0.0240414775907993
0.014991663,0.00042514436,0.02061903,0.0018739579245448,0.0,Rat_public_Alexander_start4000_2160,50,DDPM,2,0.0149916633963584
0.01107901,0.00014963081,0.012232367,0.001384876202791925,0.0,Rat_public_Alexander_start4000_2160,50,cddpm,5,0.0110790096223354
0.022161566,0.00088441337,0.029739087,0.002770195715129375,0.0,Rat_public_Alexander_start4000_2160,50,TIMEGAN,2,0.022161565721035
0.02563611,0.0011870947,0.03445424,0.0032045138068497125,0.0,Rat_public_Alexander_start4000_2160,50,CGAN,2,0.0256361104547977
0.011812325,0.00020268494,0.014236746,0.00147654057946055,0.0,Rat_public_Alexander_start4000_2160,70,Real Data,2,0.0118123246356844
0.014172559,0.00033279613,0.0182427,0.0017715698340907626,0.0,Rat_public_Alexander_start4000_2160,70,VAEGAN,2,0.0141725586727261
0.028570395,0.0010608501,0.032570694,0.00357129937037825,0.0,Rat_public_Alexander_start4000_2160,70,DDPM,2,0.028570394963026
0.009413006,0.00010617356,0.010304055,0.0011766257230192375,0.0,Rat_public_Alexander_start4000_2160,70,cddpm,5,0.0094130057841539
0.019475529,0.000805658,0.028384116,0.0024344411212950876,0.0,Rat_public_Alexander_start4000_2160,70,TIMEGAN,2,0.0194755289703607
0.015417827,0.00046253533,0.021506635,0.0019272284116595875,0.0,Rat_public_Alexander_start4000_2160,70,CGAN,2,0.0154178272932767
0.004740228,3.588852e-05,0.0059907027,0.0005925284931436125,0.0,Rat_public_Alexander_start4000_2160,90,Real Data,2,0.0047402279451489
0.015734602,0.00036932563,0.019217847,0.001966825220733875,0.0,Rat_public_Alexander_start4000_2160,90,VAEGAN,2,0.015734601765871
0.023918586,0.0010790492,0.032848883,0.0029898232314735625,0.0,Rat_public_Alexander_start4000_2160,90,DDPM,2,0.0239185858517885
0.011541333,0.00015451502,0.012430407,0.0014426666311919624,0.0,Rat_public_Alexander_start4000_2160,90,cddpm,5,0.0115413330495357
0.014355351,0.00031644214,0.01778882,0.001794418902136375,0.0,Rat_public_Alexander_start4000_2160,90,TIMEGAN,2,0.014355351217091
0.011617229,0.00016256062,0.012749926,0.0014521536650136,0.0,Rat_public_Alexander_start4000_2160,90,CGAN,2,0.0116172293201088
0.013357585,0.00021807176,0.014767253,0.00166969816200435,0.0,Rat_public_Alexander_start8000_2160,30,Real Data,2,0.0133575852960348
0.001332115,3.007939e-06,0.0017343411,0.0001665143790887625,0.0,Rat_public_Alexander_start8000_2160,30,VAEGAN,2,0.0013321150327101
0.012386507,0.00015669192,0.012517665,0.0015483134193345874,0.0,Rat_public_Alexander_start8000_2160,30,DDPM,2,0.0123865073546767
0.011713909,0.0001379108,0.011743543,0.0014642386231571375,0.0,Rat_public_Alexander_start8000_2160,30,cddpm,5,0.0117139089852571
0.0019565606,5.7131174e-06,0.0023902128,0.0002445700811222125,0.0,Rat_public_Alexander_start8000_2160,30,TIMEGAN,2,0.0019565606489777
0.0021649129,6.937603e-06,0.002633933,0.0002706141094677125,0.0,Rat_public_Alexander_start8000_2160,30,CGAN,2,0.0021649128757417
0.0032446983,1.6550533e-05,0.0040682345,0.0004055872850585625,0.0,Rat_public_Alexander_start8000_2160,50,Real Data,2,0.0032446982804685
0.00080587453,1.0464704e-06,0.0010229714,0.0001007343162200375,0.0,Rat_public_Alexander_start8000_2160,50,VAEGAN,2,0.0008058745297603
0.012969642,0.00017437947,0.013205282,0.0016212052432820125,0.0,Rat_public_Alexander_start8000_2160,50,DDPM,2,0.0129696419462561
0.010932117,0.000120599034,0.010981759,0.001366514596156775,0.0,Rat_public_Alexander_start8000_2160,50,cddpm,5,0.0109321167692542
0.0004105575,2.755832e-07,0.00052496017,5.13196864631e-05,0.0,Rat_public_Alexander_start8000_2160,50,TIMEGAN,2,0.0004105574917048
0.0023967975,9.244243e-06,0.0030404348,0.0002995996910613,0.0,Rat_public_Alexander_start8000_2160,50,CGAN,2,0.0023967975284904
0.0012764651,2.4432893e-06,0.0015631025,0.0001595581416040625,0.0,Rat_public_Alexander_start8000_2160,70,Real Data,2,0.0012764651328325
0.0016846929,4.7765197e-06,0.0021855251,0.0002105866151396125,0.0,Rat_public_Alexander_start8000_2160,70,VAEGAN,2,0.0016846929211169
0.014697387,0.00021825018,0.0147732925,0.0018371733603999,0.0,Rat_public_Alexander_start8000_2160,70,DDPM,2,0.0146973868831992
0.011425985,0.00013111305,0.01145046,0.0014282481279224125,0.0,Rat_public_Alexander_start8000_2160,70,cddpm,5,0.0114259850233793
0.0005630469,4.879383e-07,0.0006985258,7.03808618709375e-05,0.0,Rat_public_Alexander_start8000_2160,70,TIMEGAN,2,0.0005630468949675
0.001015084,1.5612284e-06,0.0012494912,0.0001268854975933125,0.0,Rat_public_Alexander_start8000_2160,70,CGAN,2,0.0010150839807465
0.004315599,2.7204029e-05,0.005215748,0.0005394498584792,0.0,Rat_public_Alexander_start8000_2160,90,Real Data,2,0.0043155988678336
0.004098288,2.0704325e-05,0.0045502004,0.0005122859729453875,0.0,Rat_public_Alexander_start8000_2160,90,VAEGAN,2,0.0040982877835631
0.011114927,0.00012406053,0.011138246,0.0013893658760935,0.0,Rat_public_Alexander_start8000_2160,90,DDPM,2,0.011114927008748
0.009861591,9.743401e-05,0.009870866,0.0012326989090070124,0.0,Rat_public_Alexander_start8000_2160,90,cddpm,5,0.0098615912720561
0.00054552685,4.8390194e-07,0.0006956306,6.8190856836725e-05,0.0,Rat_public_Alexander_start8000_2160,90,TIMEGAN,2,0.0005455268546938
0.0010431006,1.3490869e-06,0.001161502,0.0001303875760640875,0.0,Rat_public_Alexander_start8000_2160,90,CGAN,2,0.0010431006085127
0.057500060647726,0.0063148816116154,0.0794662293783681,1.456836875,0.8318360447883606,Eagle_education_Edith_start8000_2160,30,OURS,5,11.654695
0.0575394444167614,0.0064146956428885,0.080091795103422,1.38355675,0.8770788908004761,Hog_public_Kevin_start4000_2160,50,OURS,5,11.068454
0.1229286715388298,0.0248361621052026,0.1575949304552741,4.611451625,0.2757389545440674,Cockatoo_assembly_Valencia_start8000_2160,50,OURS,5,36.891613
0.0087714018300175,7.960715447552502e-05,0.0089222841512431,0.00109642525,0.0,Bobcat_warehouse_Charlie_start0_2160,30,OURS,5,0.008771402
0.1942749917507171,0.0444438084959983,0.2108170023883234,18.5971475,-0.1208590269088745,Cockatoo_assembly_Valencia_start0_2160,30,OURS,5,148.77718
0.052697017788887,0.0048343855887651,0.0695297460714847,1.962385875,0.9131373167037964,Panther_other_Lucina_start4000_2160,70,OURS,5,15.699087
0.0124207101762294,0.0001544623519293,0.0124282883748888,0.00155258875,0.0,Panther_other_Lucina_start0_2160,70,OURS,5,0.01242071
0.1344196051359176,0.0304099433124065,0.1743844698142771,65.019745,0.7283071875572205,Cockatoo_assembly_Valencia_start0_2160,90,OURS,5,520.15796
0.0113921239972114,0.0001298778370255,0.0113963957910192,0.0014240155,0.0,Bobcat_warehouse_Charlie_start0_2160,90,OURS,5,0.011392124
0.0675537213683128,0.0085056703537702,0.0922261912569865,1.900551,0.1028506755828857,Fox_lodging_Frances_start0_2160,70,OURS,5,15.204408
0.047567531466484,0.003893022891134,0.0623940933994077,1.0709275,0.8971012234687805,Eagle_education_Edith_start8000_2160,90,OURS,5,8.56742
0.0480546280741691,0.0036141008604317,0.0601173923289408,1.11448075,0.741608738899231,Fox_lodging_Frances_start4000_2160,70,OURS,5,8.915846
0.0589604042470455,0.0056592924520373,0.0752282689687682,1.26924025,0.8522657155990601,Fox_lodging_Angla_start4000_2160,70,OURS,5,10.153922
0.011996186338365,0.0001447585091227,0.0120315630373932,0.00149952325,0.0,Bobcat_warehouse_Charlie_start4000_2160,70,OURS,5,0.011996186
0.0734522193670272,0.0105863716453313,0.1028900949816423,12.634705,0.8430889844894409,Cockatoo_industrial_Nathaniel_start4000_2160,70,OURS,5,101.07764
0.0401590354740619,0.0030403246637433,0.0551391391276956,0.922875,0.8993199467658997,Hog_health_Hisako_start0_2160,30,OURS,5,7.383
0.0685089901089668,0.0073338551446795,0.0856379305254368,1.260465125,0.4602379202842712,Cockatoo_assembly_Valencia_start4000_2160,30,OURS,5,10.083721
0.0747621357440948,0.0110611291602253,0.1051719029029397,6.212707,0.8711270093917847,Hog_public_Kevin_start8000_2160,30,OURS,5,49.701656
0.058907676488161,0.0072423396632075,0.0851019368945709,1.34800475,0.7974085807800293,Eagle_education_Edith_start4000_2160,50,OURS,5,10.784038
0.072009801864624,0.0131924077868461,0.1148582073116508,9.16455,0.8722186088562012,Hog_public_Kevin_start8000_2160,90,OURS,5,73.3164
0.0698434337973594,0.0070819817483425,0.0841545111585975,1.387499375,0.4858970642089844,Cockatoo_assembly_Valencia_start4000_2160,90,OURS,5,11.099995
0.036497313529253,0.0026209293864667,0.0511950132968704,0.711017125,0.9176849722862244,Hog_health_Hisako_start0_2160,90,OURS,5,5.688137
0.0399548672139644,0.0030970759689807,0.0556513788596544,1.670850375,0.9489196538925172,Hog_health_Hisako_start8000_2160,70,OURS,5,13.366803
0.0558732897043228,0.0054861763492226,0.0740687272013139,1.272353,0.8521771430969238,Eagle_education_Edith_start0_2160,70,OURS,5,10.178824
0.0643479898571968,0.007904490455985,0.0889072013730331,1.04617375,-0.027775764465332,Rat_public_Alexander_start0_2160,50,OURS,5,8.36939
0.0488651022315025,0.0082934759557247,0.0910685234080618,9.177783,0.780766487121582,Cockatoo_industrial_Nathaniel_start0_2160,50,OURS,5,73.422264
0.007992185652256,9.4661969342269e-05,0.0097294382850331,0.00099902325,0.0,Rat_public_Alexander_start4000_2160,70,OURS,5,0.007992186
0.0078641977161169,9.854075324255972e-05,0.0099267695270193,0.00098302475,0.0,Rat_public_Alexander_start4000_2160,90,OURS,5,0.007864198
0.0643374398350715,0.0071082995273172,0.0843107319818615,1.475775875,0.8045100569725037,Eagle_education_Edith_start0_2160,30,OURS,5,11.806207
0.0660417899489402,0.007369577884674,0.0858462456061654,7.1131175,0.5378782153129578,Fox_lodging_Frances_start8000_2160,50,OURS,5,56.90494
0.0641706958413124,0.0069608138874173,0.0834314921802152,1.450612375,0.7346283197402954,Fox_lodging_Angla_start8000_2160,50,OURS,5,11.604899
0.0706479847431182,0.0076385261490941,0.0873986621699331,1.58887,0.8035684823989868,Eagle_education_Edith_start0_2160,90,OURS,5,12.71096
0.1089511439204216,0.0209384933114051,0.1447013936056083,54.41767125,0.746662974357605,Cockatoo_industrial_Nathaniel_start8000_2160,50,OURS,5,435.34137
0.0117716789245605,0.0001390512188663,0.0117919980862604,0.001471459875,0.0,Bobcat_warehouse_Charlie_start8000_2160,50,OURS,5,0.011771679
0.0035654888488352,2.0862838937318884e-05,0.0045675856792531,0.0004456861,0.0,Rat_public_Alexander_start4000_2160,30,OURS,5,0.0035654888
0.0509523227810859,0.0045508374460041,0.0674598950933378,1.2085645,0.8434643745422363,Fox_lodging_Angla_start0_2160,50,OURS,5,9.668516
0.0398501902818679,0.0036743551027029,0.060616459008284,0.816794875,0.8791300654411316,Hog_health_Hisako_start0_2160,70,OURS,5,6.534359
0.0619319193065166,0.0064893122762441,0.0805562677651103,1.1074411875,0.5659828782081604,Cockatoo_assembly_Valencia_start4000_2160,70,OURS,5,8.8595295
0.0688343048095703,0.0116953644901514,0.1081451084892488,6.843964625,0.8781747221946716,Hog_public_Kevin_start8000_2160,70,OURS,5,54.751717
0.0641588494181633,0.0094112614169716,0.0970116560881819,1.202693875,0.450944185256958,Panther_other_Lucina_start8000_2160,50,OURS,5,9.621551
0.0382839664816856,0.0035870356950908,0.0598918666856434,1.655043125,0.9275172352790833,Hog_health_Hisako_start8000_2160,90,OURS,5,13.240345
0.0460282526910305,0.0046289418824017,0.0680363276669288,1.72326075,0.9234607219696044,Hog_health_Hisako_start8000_2160,30,OURS,5,13.786086
0.0476800687611103,0.0040016239508986,0.0632583903596878,1.08830725,0.7391840219497681,Fox_lodging_Frances_start4000_2160,30,OURS,5,8.706458
0.0508691072463989,0.0039621698670089,0.0629457692542471,1.08784325,0.8981946110725403,Fox_lodging_Angla_start4000_2160,90,OURS,5,8.702746
0.0850538462400436,0.0167192164808511,0.1293028092535161,7.1542275,0.7875184416770935,Cockatoo_industrial_Nathaniel_start4000_2160,90,OURS,5,57.23382
0.0140217877924442,0.000197554269107,0.0140553999981166,0.0017527235,0.0,Bobcat_warehouse_Charlie_start4000_2160,90,OURS,5,0.014021788
0.0665724352002143,0.0091669680550694,0.0957442847122973,2.802636875,0.8669398427009583,Hog_public_Kevin_start0_2160,50,OURS,5,22.421095
0.0091521786525845,8.582594455219805e-05,0.009264229301577,0.001144022375,0.0,Rat_public_Alexander_start8000_2160,50,OURS,5,0.009152179
0.0129799684509634,0.0001691965735517,0.0130075583239801,0.001622496,0.0,Bobcat_warehouse_Charlie_start4000_2160,30,OURS,5,0.012979968
0.095437191426754,0.0163172353059053,0.1277389341818121,17.0426325,0.7387851476669312,Cockatoo_industrial_Nathaniel_start4000_2160,30,OURS,5,136.34106
0.0874679908156395,0.0122076664119958,0.1104883089380767,2.3213165,0.7016229629516602,Fox_lodging_Angla_start4000_2160,30,OURS,5,18.570532
0.0422908626496791,0.002759484341368,0.0525307942198486,0.97940445,0.7520627975463867,Fox_lodging_Frances_start4000_2160,90,OURS,5,7.8352356
0.0560055710375309,0.0106576271355152,0.1032357841812383,21.46561375,0.8496574759483337,Cockatoo_assembly_Valencia_start0_2160,70,OURS,5,171.72491
0.0106431460008025,0.0001134892008849,0.0106531310366925,0.00133039325,0.0,Panther_other_Lucina_start0_2160,90,OURS,5,0.010643146
0.0536886863410472,0.0048254872672259,0.0694657272849423,2.4156675,0.8849158883094788,Panther_other_Lucina_start4000_2160,30,OURS,5,19.32534
0.0602458156645298,0.0048191333189606,0.0694199778087019,1.326909875,-0.043055772781372,Fox_lodging_Frances_start0_2160,90,OURS,5,10.615279
0.0101462844759225,0.000103123820736,0.0101549899426869,0.0012682855625,0.0,Bobcat_warehouse_Charlie_start0_2160,70,OURS,5,0.0101462845
0.0469286777079105,0.004105111118406,0.0640711410730764,1.01783275,0.8825079202651978,Eagle_education_Edith_start8000_2160,70,OURS,5,8.142662
0.059234794229269,0.0065973363816738,0.0812239889544573,1.34754075,0.2600916028022766,Fox_lodging_Frances_start0_2160,30,OURS,5,10.780326
0.0465079247951507,0.0037712408229708,0.0614104292687395,1.2658346875,0.926712691783905,Panther_other_Lucina_start4000_2160,90,OURS,5,10.1266775
0.0133466618135571,0.0001795137068256,0.0133982725314002,0.00166833275,0.0,Panther_other_Lucina_start0_2160,30,OURS,5,0.013346662
0.0374699272215366,0.0032353443093597,0.0568800871075263,1.135814875,0.9032650589942932,Hog_health_Hisako_start4000_2160,50,OURS,5,9.086519
0.0109906755387783,0.0001210607806569,0.0110027624102763,0.0013738345,0.0,Rat_public_Alexander_start8000_2160,70,OURS,5,0.010990676
0.0694359764456749,0.0093609979376196,0.0967522502974462,2.72160525,0.866297721862793,Hog_public_Kevin_start0_2160,70,OURS,5,21.772842
0.0796792656183242,0.0131192412227392,0.1145392562519035,17.1620875,0.7137782573699951,Cockatoo_assembly_Valencia_start0_2160,50,OURS,5,137.2967
0.0554154105484485,0.0063903690315783,0.0799397837849108,1.23433875,0.8215010166168213,Eagle_education_Edith_start8000_2160,50,OURS,5,9.87471
0.0125550301745533,0.0001580158714205,0.0125704364053322,0.00156937875,0.0,Bobcat_warehouse_Charlie_start0_2160,50,OURS,5,0.01255503
0.1084873080253601,0.0213900059461593,0.1462532254213881,5.9799,0.3558482527732849,Cockatoo_assembly_Valencia_start8000_2160,30,OURS,5,47.8392
0.0707163885235786,0.0081880083307623,0.0904876142395321,6.486761625,0.8615682125091553,Hog_public_Kevin_start4000_2160,30,OURS,5,51.894093
0.0599963143467903,0.0066158790141344,0.0813380539116495,1.515476,0.8790407776832581,Hog_public_Kevin_start4000_2160,90,OURS,5,12.123808
0.110453076660633,0.0178107302635908,0.1334568479456592,3.518698,0.4278129339218139,Cockatoo_assembly_Valencia_start8000_2160,90,OURS,5,28.149584
0.0372213721275329,0.0024008103646337,0.0489980649070328,0.8054921625,0.9099123477935792,Hog_health_Hisako_start4000_2160,70,OURS,5,6.4439373
0.0609995834529399,0.006861962378025,0.0828369626315756,1.34736525,0.5336942672729492,Fox_lodging_Frances_start8000_2160,70,OURS,5,10.778922
0.067730538547039,0.0075721652247011,0.0870181890451712,1.16599675,-0.1121010780334472,Rat_public_Alexander_start0_2160,30,OURS,5,9.327974
0.1196302622556686,0.0423889048397541,0.2058856596262938,54.08998125,0.7004051804542542,Cockatoo_industrial_Nathaniel_start0_2160,90,OURS,5,432.71985
0.0112971169874072,0.000127918770886,0.0113101180756889,0.001412139625,0.0,Bobcat_warehouse_Charlie_start8000_2160,70,OURS,5,0.011297117
0.1021375283598899,0.0209714900702238,0.1448153654493328,32.678175,0.730040431022644,Cockatoo_industrial_Nathaniel_start8000_2160,70,OURS,5,261.4254
0.4786206483840942,0.2747747004032135,0.5241895653322503,16.99644625,-3.0478038787841797,Cockatoo_industrial_Nathaniel_start0_2160,30,OURS,5,135.97157
0.07605442404747,0.0084608485922217,0.0919828711892694,1.217243125,0.1233505606651306,Rat_public_Alexander_start0_2160,90,OURS,5,9.737945
0.0424963273108005,0.0028741476126015,0.0536110773311031,0.944722825,0.8704690337181091,Fox_lodging_Angla_start8000_2160,70,OURS,5,7.5577826
0.0630269348621368,0.0101612843573093,0.1008031961661402,5.554224,0.8888940811157227,Hog_public_Kevin_start8000_2160,50,OURS,5,44.433792
0.0650731548666954,0.006581385154277,0.0811257366948189,1.20482425,0.5237224102020264,Cockatoo_assembly_Valencia_start4000_2160,50,OURS,5,9.638594
0.0441171824932098,0.0036417231895029,0.0603466916201953,0.98805625,0.8872585892677307,Hog_health_Hisako_start0_2160,50,OURS,5,7.90445
0.046738427132368,0.003788235830143,0.0615486460463842,1.27126575,0.84967440366745,Fox_lodging_Angla_start0_2160,70,OURS,5,10.170126
0.066052459180355,0.0087231760844588,0.0933979447550042,1.445406875,0.7907527685165405,Eagle_education_Edith_start4000_2160,30,OURS,5,11.563255
0.0385944694280624,0.0046450952067971,0.0681549353077025,0.671703,0.7622188329696655,Panther_other_Lucina_start8000_2160,70,OURS,5,5.373624
0.0405257940292358,0.0029378768522292,0.0542021849396243,0.9236452,0.890485942363739,Eagle_education_Edith_start4000_2160,90,OURS,5,7.3891616
0.0556347630918026,0.0056939511559903,0.075458274271218,0.956829075,0.5802434682846069,Panther_other_Lucina_start8000_2160,30,OURS,5,7.6546326
0.0531726963818073,0.0065889125689864,0.0811721169428666,1.158460375,0.8261866569519043,Eagle_education_Edith_start4000_2160,70,OURS,5,9.267683
0.0584921054542064,0.0062852851115167,0.0792797900572189,1.349610375,0.7958466410636902,Fox_lodging_Angla_start0_2160,30,OURS,5,10.796883
0.0436920076608657,0.0029825249221175,0.054612497856421,0.92568725,0.8637961149215698,Fox_lodging_Angla_start0_2160,90,OURS,5,7.405498
0.04169487580657,0.0037655120249837,0.0613637680148779,1.533421,0.9359117746353148,Hog_health_Hisako_start8000_2160,50,OURS,5,12.267368
0.033548068255186,0.0023350524716079,0.048322380649218,0.69165265,0.8722497820854187,Panther_other_Lucina_start8000_2160,90,OURS,5,5.5332212
0.0975386574864387,0.0188549850136041,0.1373134553261411,7.2202675,0.794569194316864,Cockatoo_industrial_Nathaniel_start8000_2160,90,OURS,5,57.76214
0.0120847728103399,0.0001463264779886,0.0120965481848593,0.001510596625,0.0,Bobcat_warehouse_Charlie_start8000_2160,90,OURS,5,0.012084773
0.0724734887480735,0.008073603734374,0.0898532344124241,5.78875825,0.4278228878974914,Fox_lodging_Frances_start8000_2160,30,OURS,5,46.310066
0.0468977764248847,0.0034644675906747,0.058859728088692,1.035914,0.8428210020065308,Fox_lodging_Angla_start8000_2160,90,OURS,5,8.287312
0.0778768062591552,0.0108561068773269,0.1041926431055809,1.235650125,-0.2443556785583496,Rat_public_Alexander_start0_2160,70,OURS,5,9.885201
0.0553299747407436,0.0051310737617313,0.0716315137473122,1.266495,0.8624659180641174,Eagle_education_Edith_start0_2160,50,OURS,5,10.13196
0.0470898151397705,0.0043692006729543,0.0660999294474231,1.03337275,0.8601680994033813,Fox_lodging_Angla_start8000_2160,30,OURS,5,8.266982
0.0681954994797706,0.0073050772771239,0.0854697448055388,1.302044,-0.1448736190795898,Fox_lodging_Frances_start8000_2160,90,OURS,5,10.416352
0.0095867542549967,9.463340393267572e-05,0.0097279701856387,0.00119834425,0.0,Rat_public_Alexander_start4000_2160,50,OURS,5,0.009586754
0.0107682589441537,0.0001171236945083,0.0108223700966256,0.001346032375,0.0,Bobcat_warehouse_Charlie_start8000_2160,30,OURS,5,0.010768259
0.0891465693712234,0.0162846334278583,0.1276112590168217,30.12669,0.8462303876876831,Cockatoo_industrial_Nathaniel_start8000_2160,30,OURS,5,241.01352
0.045316357165575,0.0125014772638678,0.1118100052046678,13.91805,0.7944665551185608,Cockatoo_industrial_Nathaniel_start0_2160,70,OURS,5,111.3444
0.108167827129364,0.0193188991397619,0.1389924427433446,4.58164125,0.4744062423706054,Cockatoo_assembly_Valencia_start8000_2160,70,OURS,5,36.65313
0.051001738756895,0.0047008232213556,0.0685625496999322,1.39152625,0.9166469573974608,Hog_public_Kevin_start4000_2160,70,OURS,5,11.13221
0.0332254543900489,0.0022977774497121,0.0479351379440192,0.68787325,0.9102224707603456,Hog_health_Hisako_start4000_2160,90,OURS,5,5.502986
0.0632834583520889,0.0062200855463743,0.0788675189566295,1.673949,0.8521124720573425,Panther_other_Lucina_start4000_2160,50,OURS,5,13.391592
0.0130624575540423,0.0001712944795144,0.0130879516928537,0.00163280725,0.0,Panther_other_Lucina_start0_2160,50,OURS,5,0.013062458
0.0528903156518936,0.0057775052264332,0.076009902160398,1.362121375,0.8252939581871033,Hog_health_Hisako_start4000_2160,30,OURS,5,10.896971
0.0513052083551883,0.0051866425201296,0.0720183484962664,1.2837615,0.429153561592102,Fox_lodging_Frances_start0_2160,50,OURS,5,10.270092
0.0506543256342411,0.0043885600753128,0.0662462080070463,1.223719375,0.7117307186126709,Fox_lodging_Frances_start4000_2160,50,OURS,5,9.789755
0.0538131557404994,0.0099962288513779,0.0999811424788593,2.31435375,0.8440898060798645,Hog_public_Kevin_start0_2160,90,OURS,5,18.51483
0.0110686225816607,0.0001229573972523,0.0110886156598703,0.001383577875,0.0,Rat_public_Alexander_start8000_2160,90,OURS,5,0.011068623
0.08611461520195,0.0136432331055402,0.1168042512305963,21.92336625,0.7914886474609375,Cockatoo_industrial_Nathaniel_start4000_2160,50,OURS,5,175.38693
0.0141141228377819,0.0002001038665184,0.0141458073830543,0.001764265375,0.0,Bobcat_warehouse_Charlie_start4000_2160,50,OURS,5,0.014114123
0.0116919903084635,0.0001383496855851,0.0117622143147081,0.00146149875,0.0,Rat_public_Alexander_start8000_2160,30,OURS,5,0.01169199
0.0685096606612205,0.0093479137867689,0.0966846098754549,2.981429375,0.8605363965034485,Hog_public_Kevin_start0_2160,30,OURS,5,23.851435
0.1300110965967178,0.0269126929342746,0.1640508851980832,2.577747125,0.3041010499000549,Fox_lodging_Angla_start4000_2160,50,OURS,5,20.621977
