Building,Sparsity,Method,KL_oridata,MMD_oridata,KL_testdata,MMD_testdata
Bobcat_warehouse_Charlie_start4000_2160,30,diffts-fft,1.5305819757108217,0.05497179969772249,3.639483686318353,0.10719288697796857
Bobcat_warehouse_Charlie_start4000_2160,30,diffts,1.884349399098311,0.06918767536108743,4.615273812807695,0.11398911266436469
Bobcat_warehouse_Charlie_start4000_2160,30,timegan,0.8693035654691189,0.14078899749676657,0.7216781008317312,0.1623782168915366
Bobcat_warehouse_Charlie_start4000_2160,30,cgan,0.769857867766481,0.37253534429599594,0.7182171713850897,0.3652828953180203
Bobcat_warehouse_Charlie_start4000_2160,30,wgan,0.7616594281232042,0.34368881977068505,0.6975493367802419,0.3345637144381461
Bobcat_warehouse_Charlie_start4000_2160,50,diffts-fft,1.587954491196072,0.04653150269142294,3.3666272459840414,0.1176986606844684
Bobcat_warehouse_Charlie_start4000_2160,50,diffts,1.9989102448863791,0.0684611365941136,4.526923149377001,0.13001399325962243
Bobcat_warehouse_Charlie_start4000_2160,50,timegan,0.8511813213132898,0.13328104385694595,0.5888771202779371,0.11348457271434091
Bobcat_warehouse_Charlie_start4000_2160,50,cgan,1.0647575985320739,0.464320526080084,0.7515095685217076,0.4761103108112708
Bobcat_warehouse_Charlie_start4000_2160,50,wgan,0.76203858625333,0.39814977991867684,0.5317391451312522,0.3822344735722072
Bobcat_warehouse_Charlie_start4000_2160,70,diffts-fft,1.5052160973245963,0.04527481861128073,3.654647254218491,0.14935043383689492
Bobcat_warehouse_Charlie_start4000_2160,70,diffts,1.7224570432866348,0.07852543200328936,4.261371615627623,0.16981740962076108
Bobcat_warehouse_Charlie_start4000_2160,70,timegan,0.5691660555325392,0.11895104356585018,0.5999125857044089,0.13862213322461464
Bobcat_warehouse_Charlie_start4000_2160,70,cgan,0.8128747539249985,0.2679073351433581,0.8215035979353014,0.3048866329634794
Bobcat_warehouse_Charlie_start4000_2160,70,wgan,0.6058087812846319,0.38673219543993526,0.702954250521459,0.4271655937573992
Bobcat_warehouse_Charlie_start4000_2160,90,diffts-fft,1.5665819206004907,0.0511333851841702,4.389821593241571,0.22529898704920745
Bobcat_warehouse_Charlie_start4000_2160,90,diffts,1.704322174149584,0.10223455101924236,4.811553835304524,0.26540627459784466
Bobcat_warehouse_Charlie_start4000_2160,90,timegan,0.5447296563884679,0.11275244369908159,1.2956493302162477,0.19722038647918436
Bobcat_warehouse_Charlie_start4000_2160,90,cgan,0.694219450501933,0.3254703393850782,1.4011980321772193,0.4173981093454065
Bobcat_warehouse_Charlie_start4000_2160,90,wgan,0.7027380667637303,0.27038754833272255,1.1146065554828313,0.32961396259317566
Bobcat_warehouse_Charlie_start8000_2160,30,diffts-fft,1.1451998554629177,0.1033479507457362,0.8533437539092427,0.19771908661297452
Bobcat_warehouse_Charlie_start8000_2160,30,diffts,1.409694517734455,0.13981264828171458,1.1073786006305426,0.23564391930002354
Bobcat_warehouse_Charlie_start8000_2160,30,timegan,0.6826286420917802,0.11992690823919923,0.3134986594919539,0.11429737916033683
Bobcat_warehouse_Charlie_start8000_2160,30,cgan,0.7242705135997336,0.21826152545906866,0.3340202782619205,0.21024289907850557
Bobcat_warehouse_Charlie_start8000_2160,30,wgan,0.8404600971000479,0.1619942596426644,0.37679218830196554,0.15773213258378527
Bobcat_warehouse_Charlie_start8000_2160,50,diffts-fft,0.9605088623119359,0.0803129488592431,0.9521201082722972,0.1405511039027756
Bobcat_warehouse_Charlie_start8000_2160,50,diffts,1.302228286484663,0.1197336963021431,1.352684275967264,0.16930602683067175
Bobcat_warehouse_Charlie_start8000_2160,50,timegan,0.5501444562334107,0.15611716965066624,0.41170002744108813,0.12750526201989273
Bobcat_warehouse_Charlie_start8000_2160,50,cgan,0.6467533434153387,0.48798494444549023,0.6038909062787088,0.48923979836099835
Bobcat_warehouse_Charlie_start8000_2160,50,wgan,1.9162552925199552,0.8551990791549308,2.034389547297816,0.8858631888583162
Bobcat_warehouse_Charlie_start8000_2160,70,diffts-fft,0.8816613499850761,0.07340395789467359,4.404908622443316,0.1735553370481306
Bobcat_warehouse_Charlie_start8000_2160,70,diffts,1.1323131781632114,0.13176146133785532,5.040850272566127,0.21021549351136593
Bobcat_warehouse_Charlie_start8000_2160,70,timegan,0.3052343446965762,0.13931436649662385,1.1692009970943453,0.1576839306645287
Bobcat_warehouse_Charlie_start8000_2160,70,cgan,0.5961253501947359,0.47374297017929795,2.0882343672613204,0.4560557101984578
Bobcat_warehouse_Charlie_start8000_2160,70,wgan,0.44064431226304923,0.17900574457067245,1.8417020707966396,0.23132221946944237
Bobcat_warehouse_Charlie_start8000_2160,90,diffts-fft,0.998857804789662,0.06625560080978579,5.498803242979815,0.19912076138926701
Bobcat_warehouse_Charlie_start8000_2160,90,diffts,1.234906429310307,0.15940911373391706,6.178991975512182,0.24059438079265258
Bobcat_warehouse_Charlie_start8000_2160,90,timegan,0.34582948487530274,0.10195065591964024,1.8788598738390818,0.2022367593409426
Bobcat_warehouse_Charlie_start8000_2160,90,cgan,0.4356228261954046,0.3485912727658726,3.1922384506898522,0.3957477868191659
Bobcat_warehouse_Charlie_start8000_2160,90,wgan,2.400025371311144,0.8715261652627514,2.8021573599394736,0.8632377586497263
Cockatoo_assembly_Valencia_start0_2160,30,diffts-fft,0.37203238597548766,0.0479026990646636,0.31966198805142393,0.1804521361250331
Cockatoo_assembly_Valencia_start0_2160,30,diffts,0.42643466180935674,0.059678570596972486,0.3290636228935777,0.19413401541714093
Cockatoo_assembly_Valencia_start0_2160,30,timegan,0.7794820314494991,0.18970139974390537,0.333450920639783,0.169716119628469
Cockatoo_assembly_Valencia_start0_2160,30,cgan,0.5576731744153303,0.4504107099153538,0.44671686482940104,0.44069563696422964
Cockatoo_assembly_Valencia_start0_2160,30,wgan,0.7984568196863076,0.3057692089787265,0.3517878264609582,0.2946865116031151
Cockatoo_assembly_Valencia_start0_2160,50,diffts-fft,0.2107965047161829,0.05715050169046633,0.3398563059166768,0.17611778705608208
Cockatoo_assembly_Valencia_start0_2160,50,diffts,0.21702212343717692,0.06467403819610236,0.34351102383772286,0.1801459645628481
Cockatoo_assembly_Valencia_start0_2160,50,timegan,0.4274588425990621,0.16074730179820884,0.4696266617842656,0.15992576439910702
Cockatoo_assembly_Valencia_start0_2160,50,cgan,0.6558434646887131,0.3811323499607974,0.5806144129801698,0.37483810728551764
Cockatoo_assembly_Valencia_start0_2160,50,wgan,0.6421604517962782,0.30495977955990294,0.5718712659971296,0.33370628627129856
Cockatoo_assembly_Valencia_start0_2160,70,diffts-fft,0.22812470991688147,0.06418930311900195,0.4336346536777374,0.1654931546755783
Cockatoo_assembly_Valencia_start0_2160,70,diffts,0.20608957710677603,0.08779283854314816,0.4065665910433926,0.18106368560976632
Cockatoo_assembly_Valencia_start0_2160,70,timegan,0.36471582217173115,0.3074183352917052,0.5012167285798261,0.31362629558928257
Cockatoo_assembly_Valencia_start0_2160,70,cgan,0.48291368087286596,0.3770912513228354,0.9657525394498337,0.36688829218438523
Cockatoo_assembly_Valencia_start0_2160,70,wgan,0.38305479781893254,0.30379525833363286,0.7687612359344014,0.34991893417476166
Cockatoo_assembly_Valencia_start0_2160,90,diffts-fft,0.23279199325569544,0.06877491194124843,0.36320732541962236,0.23209676392184936
Cockatoo_assembly_Valencia_start0_2160,90,diffts,0.22285970365716912,0.09863615861397892,0.3647523020203964,0.25750517151586655
Cockatoo_assembly_Valencia_start0_2160,90,timegan,0.3632354803708117,0.15387429329613303,0.5661497548301554,0.24921199408321928
Cockatoo_assembly_Valencia_start0_2160,90,cgan,0.46179469230356707,0.32799344707898076,1.0023164308356238,0.4102183711032621
Cockatoo_assembly_Valencia_start0_2160,90,wgan,0.33280724309048193,0.27199221137367313,0.7135553270286669,0.3625944291003643
Cockatoo_assembly_Valencia_start8000_2160,30,diffts-fft,0.14613970746546726,0.05172890543128336,0.11496746398803784,0.1245442311303875
Cockatoo_assembly_Valencia_start8000_2160,30,diffts,0.1622622958720647,0.0648410069017622,0.12147171756791526,0.13744205957315356
Cockatoo_assembly_Valencia_start8000_2160,30,timegan,0.25543361021045957,0.21058373998133909,0.17830641412001585,0.19697067575163393
Cockatoo_assembly_Valencia_start8000_2160,30,cgan,0.25531217263438327,0.26073036903602753,0.2127452115623896,0.2384505496380426
Cockatoo_assembly_Valencia_start8000_2160,30,wgan,0.2796822676918923,0.26914326392610144,0.20808862687426954,0.26617756152327277
Cockatoo_assembly_Valencia_start8000_2160,50,diffts-fft,0.10653868143390306,0.04774301690169196,0.12027501801276826,0.12492264032669573
Cockatoo_assembly_Valencia_start8000_2160,50,diffts,0.10842598892252531,0.06115376947560499,0.12758776299750554,0.12925438233241549
Cockatoo_assembly_Valencia_start8000_2160,50,timegan,0.21631126834234574,0.19944142432288042,0.19964597159956288,0.19928681436962434
Cockatoo_assembly_Valencia_start8000_2160,50,cgan,0.29227252091647615,0.35061515428637846,0.24604774910165594,0.3464762284367608
Cockatoo_assembly_Valencia_start8000_2160,50,wgan,0.23858516241598332,0.354133919296895,0.21519983130124576,0.34663599619506225
Cockatoo_assembly_Valencia_start8000_2160,70,diffts-fft,0.1145093362215505,0.05300076206466118,0.14622955196737195,0.1536024531623115
Cockatoo_assembly_Valencia_start8000_2160,70,diffts,0.11613250504800489,0.08860225882286712,0.16138539100035082,0.17881082288550135
Cockatoo_assembly_Valencia_start8000_2160,70,timegan,0.25385258964792773,0.17645505719767474,0.1918921591665825,0.18495066604107235
Cockatoo_assembly_Valencia_start8000_2160,70,cgan,0.28842480679809285,0.3114913769928452,0.2637350963626107,0.31558556557240885
Cockatoo_assembly_Valencia_start8000_2160,70,wgan,0.23215726624278976,0.3700310747741567,0.2210344813181971,0.395610991761337
Cockatoo_assembly_Valencia_start8000_2160,90,diffts-fft,0.10658647321235575,0.04298411943973462,0.19626104167159705,0.1971614136944222
Cockatoo_assembly_Valencia_start8000_2160,90,diffts,0.1090935026038419,0.08918145363607227,0.20481349057080678,0.23475010917468933
Cockatoo_assembly_Valencia_start8000_2160,90,timegan,0.2437876581140069,0.2420376465727955,0.2772118465474078,0.30381246926027416
Cockatoo_assembly_Valencia_start8000_2160,90,cgan,0.21261300429503974,0.30499771974955653,0.27567060080468786,0.36338896828854417
Cockatoo_assembly_Valencia_start8000_2160,90,wgan,0.31130256943753915,0.4232717836982107,0.4265339168698751,0.4282906104117569
Cockatoo_industrial_Nathaniel_start0_2160,30,diffts-fft,0.18449437626834223,0.042709680977641475,0.33230585050454786,0.16974125957129038
Cockatoo_industrial_Nathaniel_start0_2160,30,diffts,0.341789916804357,0.05173417365566886,0.36292085088288506,0.17512381851597478
Cockatoo_industrial_Nathaniel_start0_2160,30,timegan,0.939461370654282,0.18752422519993164,0.3366125297345036,0.17079490532888286
Cockatoo_industrial_Nathaniel_start0_2160,30,cgan,0.7232138998678936,0.28549283668454817,0.36622628877823127,0.2567767648497683
Cockatoo_industrial_Nathaniel_start0_2160,30,wgan,0.642438706075444,0.2653054642665362,0.36004152527825056,0.24699511889428077
Cockatoo_industrial_Nathaniel_start0_2160,50,diffts-fft,0.16981169339478108,0.056395471996383194,0.5648975035297079,0.1737394205741562
Cockatoo_industrial_Nathaniel_start0_2160,50,diffts,0.18403427993347296,0.06763779813442725,0.6496439804555633,0.1779465443973174
Cockatoo_industrial_Nathaniel_start0_2160,50,timegan,0.25792395564024656,0.1290913598556606,0.6212837208372151,0.14682099646027075
Cockatoo_industrial_Nathaniel_start0_2160,50,cgan,0.4032638806829855,0.38237165766988684,1.2039214114225154,0.3560508114574354
Cockatoo_industrial_Nathaniel_start0_2160,50,wgan,0.35034172118456713,0.2479061024562571,0.8312910536902605,0.20547913781136917
Cockatoo_industrial_Nathaniel_start0_2160,70,diffts-fft,0.18240571034623895,0.08156524181005388,0.6242275387487212,0.15140415751563982
Cockatoo_industrial_Nathaniel_start0_2160,70,diffts,0.32386133030346365,0.08972230780545613,0.8998654378753453,0.15908272791696365
Cockatoo_industrial_Nathaniel_start0_2160,70,timegan,0.32621621189114086,0.10275236789801676,1.061639166308213,0.1630229527428666
Cockatoo_industrial_Nathaniel_start0_2160,70,cgan,0.538051970092295,0.40770393628591306,1.2020156762642116,0.39267704917932844
Cockatoo_industrial_Nathaniel_start0_2160,70,wgan,0.38540111594778165,0.43301268519608216,1.1922666942995623,0.40397195044044193
Cockatoo_industrial_Nathaniel_start0_2160,90,diffts-fft,0.22092724445181178,0.06948765928158267,0.6249564613142609,0.18168583792243503
Cockatoo_industrial_Nathaniel_start0_2160,90,diffts,0.37813891713415376,0.1056717085764853,0.7709669235498634,0.20703962359950223
Cockatoo_industrial_Nathaniel_start0_2160,90,timegan,0.3507481475970274,0.190137339308872,1.1593338359494667,0.2396269397258643
Cockatoo_industrial_Nathaniel_start0_2160,90,cgan,0.4121827043037907,0.31585077467425066,1.2359467115346103,0.3669642884146445
Cockatoo_industrial_Nathaniel_start0_2160,90,wgan,0.3449313848198264,0.2597036768207623,1.1097916149716855,0.3052801285613148
Cockatoo_industrial_Nathaniel_start4000_2160,30,diffts-fft,0.12825772811859776,0.0429482023972573,0.14314534869249948,0.0821629497699152
Cockatoo_industrial_Nathaniel_start4000_2160,30,diffts,0.17337183311978885,0.04748572142527407,0.17281511299228314,0.0829824923320358
Cockatoo_industrial_Nathaniel_start4000_2160,30,timegan,0.2637882563997753,0.10992982225075738,0.2598669636408506,0.1144245805301931
Cockatoo_industrial_Nathaniel_start4000_2160,30,cgan,0.2904565073957783,0.13272223363468438,0.2981410672424968,0.12718706968881707
Cockatoo_industrial_Nathaniel_start4000_2160,30,wgan,0.2685519286210559,0.1742920191815113,0.26802727589908365,0.17783047228121918
Cockatoo_industrial_Nathaniel_start4000_2160,50,diffts-fft,0.1370963164397255,0.0362331876188028,0.15478465191723978,0.08228678851094462
Cockatoo_industrial_Nathaniel_start4000_2160,50,diffts,0.17047017016944666,0.04534507381115734,0.1774546751402449,0.08925673996806353
Cockatoo_industrial_Nathaniel_start4000_2160,50,timegan,0.24703664561282074,0.11104731410813035,0.2643932938364478,0.11013029935122715
Cockatoo_industrial_Nathaniel_start4000_2160,50,cgan,0.7373255250271198,0.5066107018381026,0.8206441722040374,0.5053970830514535
Cockatoo_industrial_Nathaniel_start4000_2160,50,wgan,0.39191584145890584,0.41828804390843594,0.43703918087259347,0.41422574431811415
Cockatoo_industrial_Nathaniel_start4000_2160,70,diffts-fft,0.1334330383630335,0.03232389664101748,0.19236566783309178,0.10313925654537827
Cockatoo_industrial_Nathaniel_start4000_2160,70,diffts,0.15806960132914655,0.05163772462280634,0.1967951044825707,0.11520765035522537
Cockatoo_industrial_Nathaniel_start4000_2160,70,timegan,0.2426681496660258,0.09113516328193354,0.2665804998399349,0.11106724958033312
Cockatoo_industrial_Nathaniel_start4000_2160,70,cgan,0.25034728508552856,0.18873508028899186,0.2831330005237293,0.1996432947913667
Cockatoo_industrial_Nathaniel_start4000_2160,70,wgan,0.3634517930051115,0.32918221598062164,0.43006501511457634,0.3304431082153284
Cockatoo_industrial_Nathaniel_start4000_2160,90,diffts-fft,0.14909827025755956,0.032215718708818813,0.5614627599283184,0.1316195429288683
Cockatoo_industrial_Nathaniel_start4000_2160,90,diffts,0.1751756812040036,0.05598992435821382,0.465103140059184,0.1381678667458907
Cockatoo_industrial_Nathaniel_start4000_2160,90,timegan,0.34932792132396107,0.14827434170158194,0.43604711503448174,0.20928328254305778
Cockatoo_industrial_Nathaniel_start4000_2160,90,cgan,0.32143829496334797,0.2911092048818492,0.3738137091876354,0.33726168692394476
Cockatoo_industrial_Nathaniel_start4000_2160,90,wgan,0.25815426002983216,0.12289306030063667,0.5473266407142227,0.1689192093740974
Eagle_education_Edith_start4000_2160,30,diffts-fft,0.7431503619948698,0.04679396529253188,0.4242321114672338,0.09829413338030916
Eagle_education_Edith_start4000_2160,30,diffts,0.9289272451454134,0.05297204643325593,0.5122641761906149,0.10208908588493995
Eagle_education_Edith_start4000_2160,30,timegan,0.9621383428934426,0.1341730131970718,0.516895320638375,0.13397190548057486
Eagle_education_Edith_start4000_2160,30,cgan,1.105236914290947,0.15928829551810086,0.5553926799071722,0.16207965449886444
Eagle_education_Edith_start4000_2160,30,wgan,1.098669046836232,0.3878867610240361,0.8027465111485511,0.35966468030565535
Eagle_education_Edith_start4000_2160,50,diffts-fft,0.6647863751566578,0.041478260507865496,0.37847577685008693,0.0797435224629141
Eagle_education_Edith_start4000_2160,50,diffts,0.769725922902268,0.04910584055114118,0.42236078121666537,0.08202742572566832
Eagle_education_Edith_start4000_2160,50,timegan,1.1520512807799563,0.16523452339329245,0.6094018977787538,0.1671690720413936
Eagle_education_Edith_start4000_2160,50,cgan,0.7452474502370388,0.3123384253716481,0.5364519826643507,0.31101576470464976
Eagle_education_Edith_start4000_2160,50,wgan,0.629627939990049,0.25590810016519605,0.5577962125888509,0.25692182712467515
Eagle_education_Edith_start4000_2160,70,diffts-fft,0.39923323733630006,0.039900158612461836,0.7246283126166243,0.08942704418148682
Eagle_education_Edith_start4000_2160,70,diffts,0.3935174434035858,0.04731354570659726,0.7396103757681467,0.094175503286978
Eagle_education_Edith_start4000_2160,70,timegan,0.6519509576469634,0.10382512603887803,0.9660307887443678,0.10807455587284562
Eagle_education_Edith_start4000_2160,70,cgan,0.9065412688650194,0.2321524050716274,1.5275019042146765,0.2521409122063306
Eagle_education_Edith_start4000_2160,70,wgan,0.764296498490514,0.1845540173767308,1.1288090504897157,0.18830173164519834
Eagle_education_Edith_start4000_2160,90,diffts-fft,0.3503592600214287,0.036700817865070755,1.8039477959343158,0.13160488627145825
Eagle_education_Edith_start4000_2160,90,diffts,0.41511092102924707,0.04775890685765325,1.8033411588189927,0.13948634678858554
Eagle_education_Edith_start4000_2160,90,timegan,0.6147281595179799,0.10565966814151646,2.0490611462013333,0.15515007159580704
Eagle_education_Edith_start4000_2160,90,cgan,0.5601867260085158,0.2810634049194453,1.8910855173090304,0.317058581095126
Eagle_education_Edith_start4000_2160,90,wgan,0.5936982481371805,0.48896386128087654,2.0097004215485725,0.5074489241030211
Eagle_education_Edith_start8000_2160,30,diffts-fft,0.22556599643371528,0.08684302839887408,0.16574256992362735,0.15998771417538363
Eagle_education_Edith_start8000_2160,30,diffts,0.2720935662868054,0.10656462594028762,0.19044217920572018,0.17963959790609493
Eagle_education_Edith_start8000_2160,30,timegan,0.6200112981301085,0.13802038409535686,0.2701669795942822,0.13498515144319043
Eagle_education_Edith_start8000_2160,30,cgan,0.7285699611307921,0.27569771113888736,0.29143763497964037,0.271380025389087
Eagle_education_Edith_start8000_2160,30,wgan,0.6269383064737608,0.19153344927232596,0.2674422882020994,0.18436662381757676
Eagle_education_Edith_start8000_2160,50,diffts-fft,0.18309035880873487,0.06834494256920777,0.20742807367500674,0.14346128078690817
Eagle_education_Edith_start8000_2160,50,diffts,0.19888424158354687,0.09562609119318032,0.22425135606701735,0.16451103926724353
Eagle_education_Edith_start8000_2160,50,timegan,0.26991602268513015,0.1253626713048633,0.2698727955488115,0.13138665887418421
Eagle_education_Edith_start8000_2160,50,cgan,0.2940306889296046,0.15707083249083015,0.2954381714166616,0.14737298658943038
Eagle_education_Edith_start8000_2160,50,wgan,0.3066861520324448,0.22086627113459645,0.30740722080402477,0.21539887232049662
Eagle_education_Edith_start8000_2160,70,diffts-fft,0.17716030756085263,0.062126464580999505,0.22376455603449225,0.12682408357295755
Eagle_education_Edith_start8000_2160,70,diffts,0.20212368539100817,0.07552816698958766,0.2469533314640763,0.13373924233343118
Eagle_education_Edith_start8000_2160,70,timegan,0.2085801368051522,0.09717365953126869,0.24718196145793253,0.12081691529301755
Eagle_education_Edith_start8000_2160,70,cgan,0.41171663066891295,0.3284859565936239,0.4701153840059683,0.3399761512475935
Eagle_education_Edith_start8000_2160,70,wgan,0.2969220636976729,0.1365103345418177,0.342164766959977,0.15415869907313243
Eagle_education_Edith_start8000_2160,90,diffts-fft,0.1747148703089472,0.06390687542426966,1.2261864604663943,0.20342779741800787
Eagle_education_Edith_start8000_2160,90,diffts,0.19497466527146134,0.08468992066423499,1.3148216416124467,0.2174406137186691
Eagle_education_Edith_start8000_2160,90,timegan,0.2819926848764171,0.14874616241750926,1.9886810033586517,0.2213953986879943
Eagle_education_Edith_start8000_2160,90,cgan,0.31944318100979,0.26684208128821835,1.8484304568613419,0.30491901395637927
Eagle_education_Edith_start8000_2160,90,wgan,0.2942046722427496,0.1627709063062595,1.5676159380360404,0.2348191056497724
Fox_lodging_Angla_start0_2160,30,diffts-fft,0.7118334624463495,0.06102986754670468,0.5010507381147378,0.21699647506292305
Fox_lodging_Angla_start0_2160,30,diffts,0.7732628797240934,0.07025961061890261,0.475383742282091,0.23123199926650678
Fox_lodging_Angla_start0_2160,30,timegan,1.078590901903507,0.15102001617166755,0.5637309458100253,0.14161036198115773
Fox_lodging_Angla_start0_2160,30,cgan,1.5908675510956876,0.38368091201326987,0.6426598381465913,0.4153694128481411
Fox_lodging_Angla_start0_2160,30,wgan,1.470242638605199,0.4062886621979468,0.772914427143367,0.3808633375722192
Fox_lodging_Angla_start0_2160,50,diffts-fft,0.6225124824193657,0.046567232441612635,0.9241772617090586,0.19292718094883834
Fox_lodging_Angla_start0_2160,50,diffts,0.6749315495091232,0.058621631492194244,1.0929294149102704,0.19688973117194666
Fox_lodging_Angla_start0_2160,50,timegan,0.7477955229980243,0.16768330043029578,1.3282414973542203,0.19260093299287825
Fox_lodging_Angla_start0_2160,50,cgan,0.9274393278753601,0.19707421923016735,1.3570270297598042,0.22908319099408195
Fox_lodging_Angla_start0_2160,50,wgan,0.7205811930464354,0.32885234615509645,1.482584863027736,0.3264409903171034
Fox_lodging_Angla_start0_2160,70,diffts-fft,0.5981606537496711,0.043515345546179404,0.9783132820374978,0.1711012793323836
Fox_lodging_Angla_start0_2160,70,diffts,0.6496369511052553,0.05920849495470713,1.0554104005755516,0.17841983883852006
Fox_lodging_Angla_start0_2160,70,timegan,0.6819976924114172,0.11919495703698073,1.8815145455503361,0.15998109310106753
Fox_lodging_Angla_start0_2160,70,cgan,0.730682637648902,0.21130976366967477,1.9122303554559255,0.22112168635959248
Fox_lodging_Angla_start0_2160,70,wgan,0.916498565869068,0.1434767738586732,1.8680883172938711,0.18821341992563345
Fox_lodging_Angla_start0_2160,90,diffts-fft,0.34475952045941444,0.03811938122982964,1.3426799349524432,0.22931281496328476
Fox_lodging_Angla_start0_2160,90,diffts,0.32918882790685194,0.057074958151452596,1.3486883213160337,0.23704607776905978
Fox_lodging_Angla_start0_2160,90,timegan,0.49657694607310315,0.12920990125314982,1.8208342404716493,0.21769662192544775
Fox_lodging_Angla_start0_2160,90,cgan,0.710186655936608,0.43610154462353173,1.8633908558262111,0.4913156855804665
Fox_lodging_Angla_start0_2160,90,wgan,2.315997006245253,0.943231818535026,2.727912061461605,1.000928841144761
Fox_lodging_Angla_start8000_2160,30,diffts-fft,0.7514074797741614,0.07806315585910728,0.26999812760870445,0.1550436093000325
Fox_lodging_Angla_start8000_2160,30,diffts,0.9998101320179805,0.08587080579199281,0.3415458846614877,0.16110507502897944
Fox_lodging_Angla_start8000_2160,30,timegan,1.47717626227921,0.1474351861041733,0.4424579696781081,0.1341691438559861
Fox_lodging_Angla_start8000_2160,30,cgan,1.7479929146864381,0.21682955939252913,0.5313160968324865,0.20597882380550772
Fox_lodging_Angla_start8000_2160,30,wgan,1.2477033602026149,0.508140078263741,0.8236950141308957,0.5010700914287163
Fox_lodging_Angla_start8000_2160,50,diffts-fft,0.7892039224034478,0.06919338139972907,0.32076678959694693,0.18606699858261055
Fox_lodging_Angla_start8000_2160,50,diffts,1.3403274362518702,0.09083159392768166,0.4240416653940096,0.20442208309054954
Fox_lodging_Angla_start8000_2160,50,timegan,1.3311083648936268,0.13611836002220593,0.3773859750493289,0.1286151602623801
Fox_lodging_Angla_start8000_2160,50,cgan,1.721927245329731,0.44149678488914473,0.6005115898661508,0.4640593849185963
Fox_lodging_Angla_start8000_2160,50,wgan,1.6837885323679425,0.17255411435535092,0.5151349543008515,0.15878898198485908
Fox_lodging_Angla_start8000_2160,70,diffts-fft,0.2640759640560803,0.05737079150060129,1.0861586463685666,0.1765712329457302
Fox_lodging_Angla_start8000_2160,70,diffts,0.32320635429316524,0.07907348441004056,1.3064188703685584,0.18747838732621147
Fox_lodging_Angla_start8000_2160,70,timegan,0.35529944506261113,0.16573131197865879,1.1362003882997225,0.20813097165146682
Fox_lodging_Angla_start8000_2160,70,cgan,0.9378580583062424,0.4713374525040348,2.7115503921430233,0.4764746947732489
Fox_lodging_Angla_start8000_2160,70,wgan,0.3881729199666231,0.204952490757479,1.1173631353982856,0.22419399435261264
Fox_lodging_Angla_start8000_2160,90,diffts-fft,0.24945835481318546,0.04917743654683984,1.0532990361491144,0.17332863539696286
Fox_lodging_Angla_start8000_2160,90,diffts,0.3125029624070108,0.06517519403649283,1.2846824039745064,0.17997351710917028
Fox_lodging_Angla_start8000_2160,90,timegan,0.3355254800034339,0.09840768957255136,1.2007051143144107,0.1587590963800884
Fox_lodging_Angla_start8000_2160,90,cgan,0.7762922088814389,0.44051816090318774,3.486205368460858,0.4796821044996751
Fox_lodging_Angla_start8000_2160,90,wgan,2.6206706790471,0.8908503176747217,2.5387111635003867,0.9206993380626292
Fox_lodging_Frances_start0_2160,30,diffts-fft,0.7110698592141645,0.06136094237026255,0.44606388455794327,0.25058171835408777
Fox_lodging_Frances_start0_2160,30,diffts,0.8704502359374642,0.07133503803902844,0.5015786397128927,0.26269313086632695
Fox_lodging_Frances_start0_2160,30,timegan,1.0998371149732178,0.18038720407854605,0.6017380774474178,0.14723235594628203
Fox_lodging_Frances_start0_2160,30,cgan,1.1652109544295752,0.2102739313888221,0.586619732024482,0.16777125466195678
Fox_lodging_Frances_start0_2160,30,wgan,1.4209443472643206,0.3256795560099757,0.6640221764532551,0.40968866178660973
Fox_lodging_Frances_start0_2160,50,diffts-fft,0.6235075045368487,0.04954905050150062,0.9391725513769194,0.2223867780918235
Fox_lodging_Frances_start0_2160,50,diffts,0.6768088867961785,0.0703059833197649,1.1145297085279775,0.2378856396347446
Fox_lodging_Frances_start0_2160,50,timegan,0.8364912452047465,0.13733557970872748,1.7758800345626367,0.18071272906927904
Fox_lodging_Frances_start0_2160,50,cgan,0.6460598806164078,0.17121504664769194,1.2757817579437865,0.17695282061269474
Fox_lodging_Frances_start0_2160,50,wgan,0.8598581821111311,0.23400019557475019,1.368392320033651,0.2532456931806247
Fox_lodging_Frances_start0_2160,70,diffts-fft,0.5811471871999707,0.0429013274425246,1.0803033275286453,0.19098986516686225
Fox_lodging_Frances_start0_2160,70,diffts,0.6054146540882386,0.05857132637738928,1.2243377447852892,0.1953527800019204
Fox_lodging_Frances_start0_2160,70,timegan,0.751812817389629,0.13630696667545958,1.5563343739410245,0.16947446252495124
Fox_lodging_Frances_start0_2160,70,cgan,0.8138107732527838,0.18031634191176701,1.681238078185614,0.21485407106726034
Fox_lodging_Frances_start0_2160,70,wgan,0.9345574158270048,0.11126939329027753,1.8174860253643705,0.17740814501575727
Fox_lodging_Frances_start0_2160,90,diffts-fft,0.353622220611337,0.04195864092021984,1.4153313318193301,0.25533413122704446
Fox_lodging_Frances_start0_2160,90,diffts,0.32502331696477144,0.06518979373206928,1.388500689810538,0.27107970593508574
Fox_lodging_Frances_start0_2160,90,timegan,0.5358820198524415,0.13087842564862634,1.9203695501108593,0.24235205672127696
Fox_lodging_Frances_start0_2160,90,cgan,0.7363921242115433,0.3997347582437215,2.6944610808006977,0.45108157901907436
Fox_lodging_Frances_start0_2160,90,wgan,0.5916703552404269,0.26613698265061564,1.901508293280963,0.3231794249496509
Fox_lodging_Frances_start4000_2160,30,diffts-fft,0.1615197973982064,0.04420383399604093,0.19962507567035478,0.12738174130146576
Fox_lodging_Frances_start4000_2160,30,diffts,0.18739859206536308,0.057088799395433036,0.24624726475342013,0.14214139695693473
Fox_lodging_Frances_start4000_2160,30,timegan,0.26808189029006585,0.1417365317780733,0.321001585381539,0.12454408753949689
Fox_lodging_Frances_start4000_2160,30,cgan,0.27218128397171876,0.29003997713596624,0.2666700678417011,0.26057997683883455
Fox_lodging_Frances_start4000_2160,30,wgan,0.3016980114067372,0.25979501928507903,0.29853681445574537,0.23697501443484623
Fox_lodging_Frances_start4000_2160,50,diffts-fft,0.15847296452286694,0.04385986698829827,0.2688604765544654,0.14228048083812345
Fox_lodging_Frances_start4000_2160,50,diffts,0.15898871282734822,0.061825089030677516,0.2767059742540964,0.15485232358761086
Fox_lodging_Frances_start4000_2160,50,timegan,0.2591007657228427,0.1549853775975133,0.3969859281457353,0.1528716114425547
Fox_lodging_Frances_start4000_2160,50,cgan,0.36329179521419935,0.2998292897682543,0.517471753146391,0.2917613170002341
Fox_lodging_Frances_start4000_2160,50,wgan,0.25819020697830686,0.18581241339423704,0.255416520917511,0.16123556480526405
Fox_lodging_Frances_start4000_2160,70,diffts-fft,0.1508216415851142,0.038170811231033615,0.3345602221571758,0.12479961188144686
Fox_lodging_Frances_start4000_2160,70,diffts,0.16524089698680458,0.05814724536685424,0.3505451159396684,0.1339215134259078
Fox_lodging_Frances_start4000_2160,70,timegan,0.25710546904918546,0.1170312992515037,0.3168596557540343,0.12236785238312856
Fox_lodging_Frances_start4000_2160,70,cgan,0.47245184830041437,0.43432048983979027,0.464649284299636,0.4471538664440553
Fox_lodging_Frances_start4000_2160,70,wgan,0.27705674054871454,0.2157296893271761,0.28478749313551166,0.21940927722119544
Fox_lodging_Frances_start4000_2160,90,diffts-fft,0.15654321547553485,0.04454664848973589,0.4605663299899596,0.1641946478931018
Fox_lodging_Frances_start4000_2160,90,diffts,0.16292874222760775,0.06269323169632023,0.488496545434946,0.17227817409526305
Fox_lodging_Frances_start4000_2160,90,timegan,0.2295431429382171,0.13103735750167542,0.541927741229844,0.1913072448484913
Fox_lodging_Frances_start4000_2160,90,cgan,0.2596448621767667,0.16300578553636422,0.3604647438188428,0.21286410701534972
Fox_lodging_Frances_start4000_2160,90,wgan,0.3231492633819579,0.20295162094419303,0.517103252932671,0.23623893095287948
Hog_health_Hisako_start4000_2160,30,diffts-fft,0.5465972492806135,0.05873938730791409,0.6681089810736522,0.12282327847836148
Hog_health_Hisako_start4000_2160,30,diffts,0.5338011754232536,0.07341271142196842,0.6665873612322595,0.12947835013966771
Hog_health_Hisako_start4000_2160,30,timegan,0.6187041945870249,0.14514351117814767,0.8083718239410146,0.1610604689915959
Hog_health_Hisako_start4000_2160,30,cgan,0.744826928925707,0.23314989327538033,0.848921373986808,0.24458294061550998
Hog_health_Hisako_start4000_2160,30,wgan,0.8229350107260499,0.21708303811255625,0.8653703267039331,0.225292273704421
Hog_health_Hisako_start4000_2160,50,diffts-fft,0.5273949176450728,0.04155700887725396,0.8151852674138893,0.10943814313922792
Hog_health_Hisako_start4000_2160,50,diffts,0.5345588213051492,0.0567495604323055,0.8220972154991253,0.10817902884627816
Hog_health_Hisako_start4000_2160,50,timegan,0.6024403083554696,0.12292307354132935,0.9001347160827928,0.13933158412284427
Hog_health_Hisako_start4000_2160,50,cgan,0.86571118092873,0.2650167132146503,1.0773678662984016,0.25695314724768653
Hog_health_Hisako_start4000_2160,50,wgan,0.714543218857141,0.19610844808274064,1.067288666324045,0.1848588394952431
Hog_health_Hisako_start4000_2160,70,diffts-fft,0.5483383002856672,0.046277514041694834,0.8522102808150005,0.143960567032294
Hog_health_Hisako_start4000_2160,70,diffts,0.5327740851178585,0.08446745749200599,0.8483619778439354,0.16993542906246906
Hog_health_Hisako_start4000_2160,70,timegan,0.643051055142505,0.13439088833157536,0.8950139060259895,0.16191374461957309
Hog_health_Hisako_start4000_2160,70,cgan,0.6384601685739312,0.23308639280440133,0.9515397876734982,0.2438020408167812
Hog_health_Hisako_start4000_2160,70,wgan,0.6043317245727682,0.3914715835869535,0.8308362362827201,0.37711938529214006
Hog_health_Hisako_start4000_2160,90,diffts-fft,0.5723164240202578,0.041381061891306976,1.4427891599335378,0.20267394839302252
Hog_health_Hisako_start4000_2160,90,diffts,0.5109600924962027,0.08315322846044379,1.3569009183763496,0.2115745965623803
Hog_health_Hisako_start4000_2160,90,timegan,0.6610077065749415,0.11630583506077088,1.6215018165133879,0.21817625203777824
Hog_health_Hisako_start4000_2160,90,cgan,0.8398502158026135,0.2614304136409645,1.8219659248214979,0.31136330005811075
Hog_health_Hisako_start4000_2160,90,wgan,0.7491461345285563,0.280017345055408,1.5273557965450082,0.3357309413147267
Hog_health_Hisako_start8000_2160,30,diffts-fft,0.2800217858639204,0.06477880944904807,0.25482969308712305,0.13990955918746964
Hog_health_Hisako_start8000_2160,30,diffts,0.28632851582381463,0.07191840237802932,0.2522099525222415,0.14306552558520233
Hog_health_Hisako_start8000_2160,30,timegan,0.30863148532796014,0.17249023489515428,0.23872688413259524,0.17416324242816533
Hog_health_Hisako_start8000_2160,30,cgan,0.5518134931860275,0.3125945983683124,0.3092018474581538,0.311075025905866
Hog_health_Hisako_start8000_2160,30,wgan,0.389888798314698,0.33431148775724406,0.271150307173169,0.35031371510980924
Hog_health_Hisako_start8000_2160,50,diffts-fft,0.13342878901259855,0.05781123771990171,0.28745996380757505,0.1397016249468624
Hog_health_Hisako_start8000_2160,50,diffts,0.12844342382931986,0.06798247100602682,0.27249449067612386,0.14197790435359192
Hog_health_Hisako_start8000_2160,50,timegan,0.15199367032865543,0.14838871418518335,0.23414258795475273,0.13636998870695197
Hog_health_Hisako_start8000_2160,50,cgan,0.1763787691480241,0.2558717101249812,0.4036228005822198,0.24292082538995902
Hog_health_Hisako_start8000_2160,50,wgan,0.18865581893792394,0.27494816055540494,0.27494147238869765,0.2552155875343719
Hog_health_Hisako_start8000_2160,70,diffts-fft,0.13547529910549788,0.07042074743843814,0.28541998325877427,0.14318653944159793
Hog_health_Hisako_start8000_2160,70,diffts,0.14120103777299314,0.09766035440004117,0.3040646670315165,0.15685156531992717
Hog_health_Hisako_start8000_2160,70,timegan,0.1956383851856247,0.2517650575892775,0.44607655068927593,0.2662817810626398
Hog_health_Hisako_start8000_2160,70,cgan,0.20551943379260576,0.29522925393466165,0.46298329178576225,0.3084361804133068
Hog_health_Hisako_start8000_2160,70,wgan,0.16263802085754686,0.18380823819454772,0.3034825400694708,0.19623510190610105
Hog_health_Hisako_start8000_2160,90,diffts-fft,0.13970804070904874,0.06422192416494461,0.4556886370603448,0.20511958839955208
Hog_health_Hisako_start8000_2160,90,diffts,0.1397834011339105,0.0879007067689383,0.4777116491298661,0.21799929285220845
Hog_health_Hisako_start8000_2160,90,timegan,0.2014512186892788,0.18297792737425003,0.4520711113053142,0.21668336027968804
Hog_health_Hisako_start8000_2160,90,cgan,0.20896006806395215,0.2990051279984805,0.42360664993587105,0.35630812817326746
Hog_health_Hisako_start8000_2160,90,wgan,0.20736970337600133,0.28613199809135614,0.5037666708868558,0.29036071961700527
Hog_public_Kevin_start0_2160,30,diffts-fft,0.3114827956117441,0.04585683002696415,0.4438072067891498,0.14369569335462037
Hog_public_Kevin_start0_2160,30,diffts,0.3100717502044485,0.05091664929319793,0.43095401733495237,0.14768433549876855
Hog_public_Kevin_start0_2160,30,timegan,0.5558812465972446,0.2545111910634669,0.7595209369174214,0.23487712012088044
Hog_public_Kevin_start0_2160,30,cgan,0.5508695342758537,0.3315496101413311,0.33213942184352174,0.319521931781223
Hog_public_Kevin_start0_2160,30,wgan,0.5225922770182152,0.20694714455963337,0.29509180342442726,0.18677880702282912
Hog_public_Kevin_start0_2160,50,diffts-fft,0.17805696396672757,0.039601827618953395,0.48238730274938324,0.1382473376077017
Hog_public_Kevin_start0_2160,50,diffts,0.17933345338784218,0.0502573640137289,0.46544470791576587,0.14152680621852537
Hog_public_Kevin_start0_2160,50,timegan,0.29836811157774495,0.17647317997125472,0.396130646627375,0.175677954727472
Hog_public_Kevin_start0_2160,50,cgan,0.44935250476441263,0.3811650620599815,0.43287549363789163,0.38487473555687246
Hog_public_Kevin_start0_2160,50,wgan,0.29001886623558926,0.23755177675171785,0.5065097538305238,0.25575040217611306
Hog_public_Kevin_start0_2160,70,diffts-fft,0.19069400399549233,0.040612682242279194,0.6743356030158398,0.1637290916175093
Hog_public_Kevin_start0_2160,70,diffts,0.19670265308426987,0.0625967149182005,0.6004308381038302,0.16996027026960084
Hog_public_Kevin_start0_2160,70,timegan,0.3071016496665658,0.17721350261068525,0.730884995439852,0.1966663128189872
Hog_public_Kevin_start0_2160,70,cgan,0.25652862188003983,0.2449625982214667,0.7660511416628359,0.258756682056026
Hog_public_Kevin_start0_2160,70,wgan,0.28332068374973896,0.40926036494071966,1.0560068632054302,0.4180202136810809
Hog_public_Kevin_start0_2160,90,diffts-fft,0.13669445116584267,0.03926869314566643,1.457776130463158,0.19666851802270036
Hog_public_Kevin_start0_2160,90,diffts,0.13487111834302204,0.06911420383818877,1.2571193556311537,0.20700741617178525
Hog_public_Kevin_start0_2160,90,timegan,0.21447498098999832,0.16864646867750657,1.148528070500567,0.2506285401038003
Hog_public_Kevin_start0_2160,90,cgan,0.26195904675410536,0.27485138298661144,1.1891158597228373,0.3396365007498139
Hog_public_Kevin_start0_2160,90,wgan,0.20174231966535075,0.1703664080627352,1.3907766764833707,0.23638552407180163
Hog_public_Kevin_start8000_2160,30,diffts-fft,0.2161450579820498,0.04683173323300573,0.15084700512484023,0.10939280373815895
Hog_public_Kevin_start8000_2160,30,diffts,0.26301577247731045,0.051881143621738304,0.17098454851559702,0.11255362644131747
Hog_public_Kevin_start8000_2160,30,timegan,0.20541093258404033,0.15858626308935636,0.19745568207318617,0.16996652243343777
Hog_public_Kevin_start8000_2160,30,cgan,0.39727975225255757,0.2533182022591585,0.1984864375913228,0.25275775711715776
Hog_public_Kevin_start8000_2160,30,wgan,0.22095292421672263,0.262894529291856,0.2138020522488758,0.270736989111963
Hog_public_Kevin_start8000_2160,50,diffts-fft,0.12107854075870227,0.05431469533653397,0.18128814582717054,0.13215855439432234
Hog_public_Kevin_start8000_2160,50,diffts,0.140140383110735,0.06777074666281466,0.19948620473273224,0.14063182646457673
Hog_public_Kevin_start8000_2160,50,timegan,0.1984200571600989,0.1269127639933476,0.19949523129185978,0.11512501012584715
Hog_public_Kevin_start8000_2160,50,cgan,0.34939380415145704,0.47883934557978675,0.4269253347628471,0.4781228719404509
Hog_public_Kevin_start8000_2160,50,wgan,0.2022628467881552,0.23702427408324858,0.20256288502967565,0.23244898446650733
Hog_public_Kevin_start8000_2160,70,diffts-fft,0.1372616076737607,0.048740976435056406,0.19423487263156236,0.10954331110442747
Hog_public_Kevin_start8000_2160,70,diffts,0.1389638776434297,0.06389967072564173,0.20697764700922006,0.11684531902336584
Hog_public_Kevin_start8000_2160,70,timegan,0.176044882305626,0.1226741147207587,0.23034862264295422,0.12850511780486173
Hog_public_Kevin_start8000_2160,70,cgan,0.19940579379003096,0.21837147317914632,0.294930552855699,0.22479487642532525
Hog_public_Kevin_start8000_2160,70,wgan,0.19004322224773432,0.16737411597173163,0.2515298820234229,0.17988452355135573
Hog_public_Kevin_start8000_2160,90,diffts-fft,0.13141894511815916,0.051014602016804494,0.3334658470769501,0.1868273882906682
Hog_public_Kevin_start8000_2160,90,diffts,0.1406465812059556,0.07987205234090528,0.35026363452565623,0.21113767037542686
Hog_public_Kevin_start8000_2160,90,timegan,0.21541629431137424,0.11835606738612654,0.3981645401576033,0.16340180694182319
Hog_public_Kevin_start8000_2160,90,cgan,0.23091489932173243,0.30992653631991945,0.4415886628462339,0.32335901292520663
Hog_public_Kevin_start8000_2160,90,wgan,0.18077275417831254,0.15888793694399778,0.3947475843233314,0.19993949758628832
Panther_other_Lucina_start0_2160,30,diffts-fft,1.155624938859708,0.06747012378231651,2.697144555194904,0.1670923251298521
Panther_other_Lucina_start0_2160,30,diffts,1.5347921148273351,0.07969904493440126,4.301514213235005,0.17474393804260188
Panther_other_Lucina_start0_2160,30,timegan,0.6503920845446841,0.13701266800546763,0.7014840255133175,0.13269645277162573
Panther_other_Lucina_start0_2160,30,cgan,2.579325928204541,0.9512857722308545,2.48302346590944,0.9246030453189682
Panther_other_Lucina_start0_2160,30,wgan,1.0421499480031688,0.9915623595117833,0.812588051244346,0.9843338736275891
Panther_other_Lucina_start0_2160,50,diffts-fft,1.0608095205147416,0.06048335357068145,2.9839514774040774,0.15914220248861882
Panther_other_Lucina_start0_2160,50,diffts,1.532968372699746,0.07976148940875596,4.557792528471527,0.16831749854657604
Panther_other_Lucina_start0_2160,50,timegan,0.5276972046449812,0.14845304522788685,0.9001803745028176,0.17834200502202815
Panther_other_Lucina_start0_2160,50,cgan,0.6047248786182245,0.4525168888326474,1.4452068222775418,0.4186732332037935
Panther_other_Lucina_start0_2160,50,wgan,2.338660683511145,0.9480076857612469,2.623793835415115,0.9213367287276344
Panther_other_Lucina_start0_2160,70,diffts-fft,0.6809621590970489,0.05706872588257911,2.5352403167194457,0.20432823456502835
Panther_other_Lucina_start0_2160,70,diffts,1.2629077095760606,0.0815848779326164,4.6784660968434775,0.2113449492772052
Panther_other_Lucina_start0_2160,70,timegan,0.2977209805000159,0.3294964086265429,1.0442453096453945,0.31825743648114
Panther_other_Lucina_start0_2160,70,cgan,0.44005541403951304,0.36813515488953275,1.3131653938491241,0.3726349898789845
Panther_other_Lucina_start0_2160,70,wgan,0.3409237494513529,0.33566943051456577,1.2363684113150735,0.35612430131172446
Panther_other_Lucina_start0_2160,90,diffts-fft,0.8648664584711684,0.05898374165676357,3.421465513214366,0.19407380641162308
Panther_other_Lucina_start0_2160,90,diffts,1.2552217178468505,0.08292398595647034,4.786015528762244,0.2041641463608993
Panther_other_Lucina_start0_2160,90,timegan,0.3381181976746553,0.1346817917619316,1.3319010657636234,0.19311570786729004
Panther_other_Lucina_start0_2160,90,cgan,2.941439178211293,0.9292669472278363,3.5751836005772066,0.9667722325602373
Panther_other_Lucina_start0_2160,90,wgan,0.35803324402081604,0.33058230464920063,1.5894395659063398,0.36266143613068
Panther_other_Lucina_start4000_2160,30,diffts-fft,0.4380934101630954,0.04784755830808561,0.3523087639943066,0.10281949030719309
Panther_other_Lucina_start4000_2160,30,diffts,0.5793701470438614,0.056881829052159376,0.45970266470470955,0.1076409811843731
Panther_other_Lucina_start4000_2160,30,timegan,0.7232052681379122,0.12096281507201596,0.5593715204701587,0.13921572121731798
Panther_other_Lucina_start4000_2160,30,cgan,0.7153600190167736,0.19150288942888335,0.5876162901228618,0.1887014541950549
Panther_other_Lucina_start4000_2160,30,wgan,0.6959819184041638,0.22493402358343062,0.6178766972095558,0.2203995151193939
Panther_other_Lucina_start4000_2160,50,diffts-fft,0.5280267747663354,0.04846099558135802,0.4033858829509617,0.12297192665665349
Panther_other_Lucina_start4000_2160,50,diffts,0.6299194624784014,0.07553454967331225,0.47715442145689163,0.1390394924085014
Panther_other_Lucina_start4000_2160,50,timegan,0.8632190847811922,0.1347068540206657,0.6078192874125892,0.13650384889409511
Panther_other_Lucina_start4000_2160,50,cgan,0.7915894362394305,0.17294654942959486,0.6433219858734687,0.15985538673475105
Panther_other_Lucina_start4000_2160,50,wgan,0.8955051368238323,0.3960578436885983,0.6557001007990277,0.39813942525906376
Panther_other_Lucina_start4000_2160,70,diffts-fft,0.5977434269753139,0.04299781924168583,0.3950404158405081,0.14345354224700277
Panther_other_Lucina_start4000_2160,70,diffts,0.6088130660237547,0.07857059561350244,0.4251294182847381,0.16577418549055278
Panther_other_Lucina_start4000_2160,70,timegan,0.7841499356999473,0.10897673132198327,0.5216618761510606,0.13191725067878518
Panther_other_Lucina_start4000_2160,70,cgan,0.8238133545484712,0.2003921756048608,0.5237826392182522,0.2121997413925885
Panther_other_Lucina_start4000_2160,70,wgan,0.7367395433097412,0.17082240728422474,0.5258071339782279,0.18108401713138222
Panther_other_Lucina_start4000_2160,90,diffts-fft,0.42587680597393107,0.03934479686604354,1.772172257245092,0.17038960716540555
Panther_other_Lucina_start4000_2160,90,diffts,0.4489759362355708,0.07956491340340496,1.9195049046103678,0.19079478390920104
Panther_other_Lucina_start4000_2160,90,timegan,0.5733140461504711,0.11300663093523727,2.2712198241017423,0.18368731482500716
Panther_other_Lucina_start4000_2160,90,cgan,0.6150709285650964,0.2650596433339291,2.532565289685598,0.3232548384484321
Panther_other_Lucina_start4000_2160,90,wgan,0.7137737925257461,0.359632017804545,2.480582295119245,0.37371346411127865
Rat_public_Alexander_start4000_2160,30,diffts-fft,0.9463997865345748,0.05854142765695633,1.2747494333595397,0.160296569057485
Rat_public_Alexander_start4000_2160,30,diffts,2.8870235609934656,0.08002548166357551,3.182491641085466,0.1685884941122128
Rat_public_Alexander_start4000_2160,30,timegan,0.43361681701503524,0.19332157929874622,0.6950635323557559,0.16242380290056138
Rat_public_Alexander_start4000_2160,30,cgan,0.730479313599793,0.4063285243862115,1.0019168191633725,0.3533008970653328
Rat_public_Alexander_start4000_2160,30,wgan,0.6642693108312081,0.31654148776654717,0.939542075300863,0.3181187629417528
Rat_public_Alexander_start4000_2160,50,diffts-fft,1.7087964827518591,0.05141869928322613,1.9619230665680178,0.11120656010073486
Rat_public_Alexander_start4000_2160,50,diffts,3.8790029162982678,0.10190105391988481,4.075041725323119,0.14021595440479967
Rat_public_Alexander_start4000_2160,50,timegan,0.6176480748082055,0.27840635165167743,0.9390606616642614,0.2670988351660266
Rat_public_Alexander_start4000_2160,50,cgan,0.32967249703255064,0.35358428576266804,0.5252978977651214,0.3484733694273114
Rat_public_Alexander_start4000_2160,50,wgan,0.8708479916758571,0.231946880866261,1.299258745353743,0.23033447979165353
Rat_public_Alexander_start4000_2160,70,diffts-fft,1.260702100510694,0.0662585884658252,1.5840177639550075,0.13401854801420482
Rat_public_Alexander_start4000_2160,70,diffts,4.228340135213133,0.12035838731727788,4.500058911896537,0.1745240724510752
Rat_public_Alexander_start4000_2160,70,timegan,0.5409993812962685,0.15663708187534733,1.098891171630106,0.16475673682355949
Rat_public_Alexander_start4000_2160,70,cgan,0.6823047269007746,0.19689860916955504,1.2008169988880333,0.21097565566083282
Rat_public_Alexander_start4000_2160,70,wgan,0.6800634567568887,0.2908267410042964,1.0669326544309221,0.30663527195996065
Rat_public_Alexander_start4000_2160,90,diffts-fft,2.7443267494767065,0.07024524421372506,4.149871996079487,0.1766815779712734
Rat_public_Alexander_start4000_2160,90,diffts,4.201685413618216,0.13324968450500807,5.42811268582088,0.21973570456992078
Rat_public_Alexander_start4000_2160,90,timegan,0.6128926929946662,0.117692181286169,1.9656940264446867,0.15780679581512957
Rat_public_Alexander_start4000_2160,90,cgan,0.409215585982732,0.25420923438553933,1.8202296517301515,0.3128882051070932
Rat_public_Alexander_start4000_2160,90,wgan,0.5678276744747289,0.21065409253665465,2.1569727733336843,0.25411370411482376
Rat_public_Alexander_start8000_2160,30,diffts-fft,0.6901140455699049,0.09593069327811751,0.6446860339017885,0.18844075154574658
Rat_public_Alexander_start8000_2160,30,diffts,1.037363826199697,0.12391679980813598,1.054259955969896,0.20985835900712232
Rat_public_Alexander_start8000_2160,30,timegan,0.5664603092325449,0.21557971614440355,0.22041832355427515,0.18216220748927886
Rat_public_Alexander_start8000_2160,30,cgan,0.48130147828198455,0.37905817135278763,0.30577131190495493,0.3869926791550032
Rat_public_Alexander_start8000_2160,30,wgan,0.5227238755433956,0.5250606432534778,0.3875567805389051,0.5177096179899067
Rat_public_Alexander_start8000_2160,50,diffts-fft,0.5319301231602939,0.06339879126497769,0.7954950390535782,0.16336611207495735
Rat_public_Alexander_start8000_2160,50,diffts,0.7999203023361958,0.09202382053817498,1.1420238794968591,0.18011702890741726
Rat_public_Alexander_start8000_2160,50,timegan,0.2780758777962533,0.18674965658227854,0.3037248172362035,0.18074077180003237
Rat_public_Alexander_start8000_2160,50,cgan,0.3392692898121807,0.3292293623223498,0.42932871992623745,0.34089465944658065
Rat_public_Alexander_start8000_2160,50,wgan,0.2805375450678755,0.23786293303689987,0.49223690178095525,0.2296520176890697
Rat_public_Alexander_start8000_2160,70,diffts-fft,0.6960217098193866,0.07584493406058761,0.995400860283409,0.17180435442377365
Rat_public_Alexander_start8000_2160,70,diffts,1.0203837186725746,0.13977500712016508,1.3461909235975797,0.20158285129694642
Rat_public_Alexander_start8000_2160,70,timegan,0.25776185676477764,0.21074088548226325,0.43426562450296263,0.2539651417814313
Rat_public_Alexander_start8000_2160,70,cgan,0.4413041862714398,0.40757788890098495,0.6594400218695939,0.42132144381112596
Rat_public_Alexander_start8000_2160,70,wgan,0.28376735591342667,0.31150267810837845,0.5473368298329974,0.264238872731294
Rat_public_Alexander_start8000_2160,90,diffts-fft,0.688953076521478,0.0862071339998764,1.2890801593726495,0.3112903570292294
Rat_public_Alexander_start8000_2160,90,diffts,1.0562553933750374,0.17559261211873783,1.4700317269515524,0.34579969653612014
Rat_public_Alexander_start8000_2160,90,timegan,0.26066843137386825,0.13698740843957613,1.0503293080055165,0.3155179220331331
Rat_public_Alexander_start8000_2160,90,cgan,0.2463509197830522,0.2829047520883721,0.8283605895616213,0.4047419137588442
Rat_public_Alexander_start8000_2160,90,wgan,0.2313678473723746,0.28059583990596765,0.8966409204576212,0.41120931437918523
