MAE,MSE,RMSE,MAPE,R2,Building,Sparsity,Method,Epochs
0.0045556896,3.4763347e-05,0.005896045,0.004555689636617899,0.0,Bobcat_warehouse_Charlie_start6000_720,20,oridata,2
0.008148589,9.254657e-05,0.009620113,0.008148589171469212,0.0,Bobcat_warehouse_Charlie_start6000_720,20,wgan,2
0.01588783,0.00026161576,0.01617454,0.015887830406427383,0.0,Bobcat_warehouse_Charlie_start6000_720,20,diffts,2
0.013942063,0.0002190596,0.014800662,0.013942062854766846,0.0,Bobcat_warehouse_Charlie_start6000_720,20,diffts-fft,6
0.0088612065,0.00011643239,0.010790384,0.008861206471920013,0.0,Bobcat_warehouse_Charlie_start6000_720,20,timegan,2
0.0013424053,3.1376808e-06,0.00177135,0.0013424053322523832,0.0,Bobcat_warehouse_Charlie_start6000_720,20,cgan,2
0.048927717,0.0024254967,0.049249332,0.04892771691083908,0.0,Bobcat_warehouse_Charlie_start6000_720,30,oridata,2
0.01878704,0.00049900403,0.022338398,0.018787039443850517,0.0,Bobcat_warehouse_Charlie_start6000_720,30,wgan,2
0.01763414,0.0003268814,0.018079862,0.017634140327572823,0.0,Bobcat_warehouse_Charlie_start6000_720,30,diffts,2
0.014164826,0.00020116915,0.014183411,0.014164825901389122,0.0,Bobcat_warehouse_Charlie_start6000_720,30,diffts-fft,6
0.022042135,0.0006808678,0.026093444,0.022042134776711464,0.0,Bobcat_warehouse_Charlie_start6000_720,30,timegan,2
0.012196013,0.00015919177,0.012617122,0.012196012772619724,0.0,Bobcat_warehouse_Charlie_start6000_720,30,cgan,2
0.013146482,0.00019422338,0.013936405,0.013146482408046722,0.0,Bobcat_warehouse_Charlie_start6000_720,40,oridata,2
0.009544,0.0001222269,0.011055628,0.009544000029563904,0.0,Bobcat_warehouse_Charlie_start6000_720,40,wgan,2
0.01643532,0.00027226936,0.016500587,0.016435319557785988,0.0,Bobcat_warehouse_Charlie_start6000_720,40,diffts,2
0.013412429,0.00018304482,0.013529406,0.01341242901980877,0.0,Bobcat_warehouse_Charlie_start6000_720,40,diffts-fft,6
0.014217866,0.0002531621,0.015911069,0.014217865653336048,0.0,Bobcat_warehouse_Charlie_start6000_720,40,timegan,2
0.010667213,0.0001463734,0.0120984875,0.01066721323877573,0.0,Bobcat_warehouse_Charlie_start6000_720,40,cgan,2
0.002806664,1.2282682e-05,0.0035046658,0.002806663978844881,0.0,Bobcat_warehouse_Charlie_start6000_720,50,oridata,2
0.0057249707,4.5636e-05,0.0067554424,0.00572497071698308,0.0,Bobcat_warehouse_Charlie_start6000_720,50,wgan,2
0.014340597,0.00023582167,0.015356487,0.014340597204864025,0.0,Bobcat_warehouse_Charlie_start6000_720,50,diffts,2
0.014562639,0.00021378473,0.014621379,0.014562639407813549,0.0,Bobcat_warehouse_Charlie_start6000_720,50,diffts-fft,6
0.0035323414,1.5745016e-05,0.003967999,0.0035323414485901594,0.0,Bobcat_warehouse_Charlie_start6000_720,50,timegan,2
0.009129865,0.0001270232,0.011270457,0.00912986509501934,0.0,Bobcat_warehouse_Charlie_start6000_720,50,cgan,2
0.005742959,3.7306676e-05,0.006107919,0.005742959212511778,0.0,Bobcat_warehouse_Charlie_start6000_720,70,oridata,2
0.009256162,0.00012615118,0.011231705,0.009256161749362946,0.0,Bobcat_warehouse_Charlie_start6000_720,70,wgan,2
0.016839962,0.0002925045,0.017102763,0.01683996245265007,0.0,Bobcat_warehouse_Charlie_start6000_720,70,diffts,2
0.010784095,0.00013255281,0.011513159,0.010784095153212547,0.0,Bobcat_warehouse_Charlie_start6000_720,70,diffts-fft,6
0.002393701,9.495697e-06,0.003081509,0.0023937011137604713,0.0,Bobcat_warehouse_Charlie_start6000_720,70,timegan,2
0.003313653,1.6589564e-05,0.004073029,0.003313652938231826,0.0,Bobcat_warehouse_Charlie_start6000_720,70,cgan,2
0.007167919,8.891003e-05,0.009429212,0.00716791907325387,0.0,Bobcat_warehouse_Charlie_start6000_720,80,oridata,2
0.007947908,9.3914285e-05,0.0096909385,0.007947907783091068,0.0,Bobcat_warehouse_Charlie_start6000_720,80,wgan,2
0.01197776,0.00015920127,0.012617499,0.01197776012122631,0.0,Bobcat_warehouse_Charlie_start6000_720,80,diffts,2
0.012152024,0.00014886269,0.01220093,0.012152023613452911,0.0,Bobcat_warehouse_Charlie_start6000_720,80,diffts-fft,6
0.004661703,3.4120578e-05,0.005841282,0.0046617030166089535,0.0,Bobcat_warehouse_Charlie_start6000_720,80,timegan,2
0.0044082887,3.309583e-05,0.0057528974,0.00440828874707222,0.0,Bobcat_warehouse_Charlie_start6000_720,80,cgan,2
0.0076614306,6.140803e-05,0.007836327,0.0076614306308329105,0.0,Bobcat_warehouse_Charlie_start6000_720,90,oridata,2
0.00820533,7.89535e-05,0.008885578,0.00820532999932766,0.0,Bobcat_warehouse_Charlie_start6000_720,90,wgan,2
0.017865708,0.00032062372,0.01790597,0.017865708097815514,0.0,Bobcat_warehouse_Charlie_start6000_720,90,diffts,2
0.012962026,0.00016859683,0.012984484,0.012962025590240955,0.0,Bobcat_warehouse_Charlie_start6000_720,90,diffts-fft,6
0.00029048728,1.8527366e-07,0.00043043427,0.0002904872817452997,0.0,Bobcat_warehouse_Charlie_start6000_720,90,timegan,2
0.0009956675,1.3761838e-06,0.0011731086,0.00099566753488034,0.0,Bobcat_warehouse_Charlie_start6000_720,90,cgan,2
0.003147256,1.3565782e-05,0.0036831754,0.0031472560949623585,0.0,Bobcat_warehouse_Charlie_start8000_720,20,oridata,2
0.003519694,2.0813755e-05,0.0045622094,0.0035196940880268812,0.0,Bobcat_warehouse_Charlie_start8000_720,20,wgan,2
0.014931258,0.00025806163,0.016064297,0.01493125781416893,0.0,Bobcat_warehouse_Charlie_start8000_720,20,diffts,2
0.012307036,0.0001535971,0.01239343,0.012307035736739635,0.0,Bobcat_warehouse_Charlie_start8000_720,20,diffts-fft,6
0.004184067,2.3896646e-05,0.0048884195,0.004184066783636808,0.0,Bobcat_warehouse_Charlie_start8000_720,20,timegan,2
0.0027479862,1.0170922e-05,0.0031891882,0.0027479862328618765,0.0,Bobcat_warehouse_Charlie_start8000_720,20,cgan,2
0.009884831,0.00012805151,0.011315985,0.009884830564260483,0.0,Bobcat_warehouse_Charlie_start8000_720,30,oridata,2
0.010196518,0.00014395006,0.0119979195,0.010196518152952194,0.0,Bobcat_warehouse_Charlie_start8000_720,30,wgan,2
0.011122767,0.00016123333,0.012697768,0.011122766882181168,0.0,Bobcat_warehouse_Charlie_start8000_720,30,diffts,2
0.0074652648,5.879434e-05,0.007667747,0.00746526475995779,0.0,Bobcat_warehouse_Charlie_start8000_720,30,diffts-fft,6
0.0051052603,3.9843337e-05,0.006312158,0.005105260293930769,0.0,Bobcat_warehouse_Charlie_start8000_720,30,timegan,2
0.015269048,0.00023890178,0.015456447,0.01526904758065939,0.0,Bobcat_warehouse_Charlie_start8000_720,30,cgan,2
0.01930994,0.00040800284,0.02019908,0.019309939816594124,0.0,Bobcat_warehouse_Charlie_start8000_720,40,oridata,2
0.0036361737,1.4660594e-05,0.0038289155,0.0036361736711114645,0.0,Bobcat_warehouse_Charlie_start8000_720,40,wgan,2
0.014790274,0.00021996921,0.014831359,0.014790274202823639,0.0,Bobcat_warehouse_Charlie_start8000_720,40,diffts,2
0.01485381,0.00022517094,0.015005697,0.014853809960186481,0.0,Bobcat_warehouse_Charlie_start8000_720,40,diffts-fft,6
0.0013739163,2.532185e-06,0.0015912841,0.0013739162823185325,0.0,Bobcat_warehouse_Charlie_start8000_720,40,timegan,2
0.0022799121,7.4832847e-06,0.0027355594,0.002279912121593952,0.0,Bobcat_warehouse_Charlie_start8000_720,40,cgan,2
0.012821187,0.00025284258,0.015901025,0.012821187265217304,0.0,Bobcat_warehouse_Charlie_start8000_720,50,oridata,2
0.0035522813,1.77346e-05,0.004211247,0.0035522812977433205,0.0,Bobcat_warehouse_Charlie_start8000_720,50,wgan,2
0.012752862,0.00018602342,0.01363904,0.012752861715853214,0.0,Bobcat_warehouse_Charlie_start8000_720,50,diffts,2
0.0112450635,0.0001592624,0.012619921,0.0112450635060668,0.0,Bobcat_warehouse_Charlie_start8000_720,50,diffts-fft,6
0.005279274,4.3427728e-05,0.006589972,0.005279274191707373,0.0,Bobcat_warehouse_Charlie_start8000_720,50,timegan,2
0.0015760013,3.9205565e-06,0.0019800395,0.0015760012902319431,0.0,Bobcat_warehouse_Charlie_start8000_720,50,cgan,2
0.0037964934,1.7857554e-05,0.00422582,0.003796493401750922,0.0,Bobcat_warehouse_Charlie_start8000_720,70,oridata,2
0.0034180155,1.5969033e-05,0.0039961273,0.0034180155489593744,0.0,Bobcat_warehouse_Charlie_start8000_720,70,wgan,2
0.015962657,0.0002564623,0.01601444,0.01596265658736229,0.0,Bobcat_warehouse_Charlie_start8000_720,70,diffts,2
0.014248366,0.00020524625,0.014326418,0.01424836553633213,0.0,Bobcat_warehouse_Charlie_start8000_720,70,diffts-fft,6
0.0048635616,3.326974e-05,0.0057679927,0.004863561596721411,0.0,Bobcat_warehouse_Charlie_start8000_720,70,timegan,2
0.0043626465,2.6960111e-05,0.005192313,0.0043626464903354645,0.0,Bobcat_warehouse_Charlie_start8000_720,70,cgan,2
0.01041564,0.00012467995,0.0111660175,0.010415639728307724,0.0,Bobcat_warehouse_Charlie_start8000_720,80,oridata,2
0.0026735633,9.423295e-06,0.0030697386,0.002673563314601779,0.0,Bobcat_warehouse_Charlie_start8000_720,80,wgan,2
0.017737309,0.00035304573,0.018789511,0.017737308517098427,0.0,Bobcat_warehouse_Charlie_start8000_720,80,diffts,2
0.012671142,0.0001681272,0.012966387,0.012671141885221004,0.0,Bobcat_warehouse_Charlie_start8000_720,80,diffts-fft,6
0.0014972338,3.6430667e-06,0.0019086819,0.0014972337521612644,0.0,Bobcat_warehouse_Charlie_start8000_720,80,timegan,2
0.0061680335,6.116779e-05,0.007820984,0.006168033462017775,0.0,Bobcat_warehouse_Charlie_start8000_720,80,cgan,2
0.009292643,0.00012220872,0.0110548055,0.009292642585933208,0.0,Bobcat_warehouse_Charlie_start8000_720,90,oridata,2
0.0015692076,4.209051e-06,0.0020515972,0.0015692076412960887,0.0,Bobcat_warehouse_Charlie_start8000_720,90,wgan,2
0.0156568,0.00025343042,0.0159195,0.01565679907798767,0.0,Bobcat_warehouse_Charlie_start8000_720,90,diffts,2
0.013532059,0.00018357932,0.013549144,0.013532059267163277,0.0,Bobcat_warehouse_Charlie_start8000_720,90,diffts-fft,6
0.0037290216,1.5986454e-05,0.0039983066,0.003729021642357111,0.0,Bobcat_warehouse_Charlie_start8000_720,90,timegan,2
0.0029580148,1.2162299e-05,0.0034874487,0.002958014840260148,0.0,Bobcat_warehouse_Charlie_start8000_720,90,cgan,2
0.16654241,0.036559418,0.19120517,36.97231709957123,-0.30068372246143227,Cockatoo_assembly_Valencia_start6000_720,20,oridata,2
0.13226256,0.02526302,0.15894344,35.66464185714722,0.10121099638801734,Cockatoo_assembly_Valencia_start6000_720,20,wgan,2
0.11008714,0.021151049,0.145434,34.78420376777649,0.24750374537844833,Cockatoo_assembly_Valencia_start6000_720,20,diffts,2
0.08679408,0.013408787,0.11579631,26.0198712348938,0.5229521445159975,Cockatoo_assembly_Valencia_start6000_720,20,diffts-fft,6
0.14429188,0.02838279,0.16847192,35.938942432403564,-0.009781780712529997,Cockatoo_assembly_Valencia_start6000_720,20,timegan,2
0.12938477,0.02425593,0.15574315,35.085225105285645,0.1370405843493987,Cockatoo_assembly_Valencia_start6000_720,20,cgan,2
0.28344417,0.1016582,0.31883883,46.61301374435425,-2.3916726445582013,Cockatoo_assembly_Valencia_start6000_720,30,oridata,2
0.20497955,0.06436819,0.25370887,55.572837591171265,-1.1475474983715008,Cockatoo_assembly_Valencia_start6000_720,30,wgan,2
0.123935126,0.023283368,0.15258889,31.8303644657135,0.22318555932360506,Cockatoo_assembly_Valencia_start6000_720,30,diffts,2
0.10300196,0.017588971,0.13262342,27.15676724910736,0.4131705198813648,Cockatoo_assembly_Valencia_start6000_720,30,diffts-fft,6
0.17664677,0.052870736,0.22993638,50.18208622932434,-0.763952375273049,Cockatoo_assembly_Valencia_start6000_720,30,timegan,2
0.18303135,0.05289979,0.22999954,50.0701904296875,-0.7649216790776254,Cockatoo_assembly_Valencia_start6000_720,30,cgan,2
0.21231033,0.061660368,0.24831505,32.93140530586243,-1.0891605726375775,Cockatoo_assembly_Valencia_start6000_720,40,oridata,2
0.14618134,0.029400222,0.17146493,27.068105340003967,0.0038693387951681535,Cockatoo_assembly_Valencia_start6000_720,40,wgan,2
0.11926335,0.02184202,0.14779046,24.347539246082306,0.2599544286379454,Cockatoo_assembly_Valencia_start6000_720,40,diffts,2
0.093200885,0.015064593,0.12273791,19.572652876377106,0.4895853957905072,Cockatoo_assembly_Valencia_start6000_720,40,diffts-fft,6
0.14742865,0.029972112,0.17312455,26.699650287628174,-0.01550725156087518,Cockatoo_assembly_Valencia_start6000_720,40,timegan,2
0.13587657,0.026264146,0.16206217,26.21922791004181,0.11012509108683755,Cockatoo_assembly_Valencia_start6000_720,40,cgan,2
0.13433377,0.033994973,0.18437725,43.69088411331177,-0.20574505850839886,Cockatoo_assembly_Valencia_start6000_720,50,oridata,2
0.14092821,0.027140917,0.164745,35.26664972305298,0.03735679215567955,Cockatoo_assembly_Valencia_start6000_720,50,wgan,2
0.10489287,0.018425388,0.13574015,31.974267959594727,0.3464821491758051,Cockatoo_assembly_Valencia_start6000_720,50,diffts,2
0.08545952,0.013050678,0.114239566,25.28933882713318,0.5371141717749093,Cockatoo_assembly_Valencia_start6000_720,50,diffts-fft,6
0.13284509,0.025100525,0.15843146,35.78472435474396,0.10972606084368919,Cockatoo_assembly_Valencia_start6000_720,50,timegan,2
0.1296146,0.024351774,0.15605055,35.239046812057495,0.13628303822233545,Cockatoo_assembly_Valencia_start6000_720,50,cgan,2
0.19678344,0.058899324,0.24269183,45.10943591594696,-1.1673042231530615,Cockatoo_assembly_Valencia_start6000_720,70,oridata,2
0.12089849,0.027522529,0.16589916,29.88426387310028,-0.01273975594255261,Cockatoo_assembly_Valencia_start6000_720,70,wgan,2
0.106972724,0.01898184,0.1377746,23.81017953157425,0.30152977293444927,Cockatoo_assembly_Valencia_start6000_720,70,diffts,2
0.08113262,0.011153868,0.105611876,16.450299322605133,0.5895738128686657,Cockatoo_assembly_Valencia_start6000_720,70,diffts-fft,6
0.11004982,0.019666657,0.14023785,24.387720227241516,0.2763308275119618,Cockatoo_assembly_Valencia_start6000_720,70,timegan,2
0.10925777,0.022334494,0.14944729,26.493549346923828,0.1781631480512348,Cockatoo_assembly_Valencia_start6000_720,70,cgan,2
0.16037504,0.04333626,0.20817363,47.77732491493225,-0.3620458544780276,Cockatoo_assembly_Valencia_start6000_720,80,oridata,2
0.13329294,0.025552692,0.15985209,35.59109568595886,0.1968863817663793,Cockatoo_assembly_Valencia_start6000_720,80,wgan,2
0.12535949,0.024572823,0.1567572,36.106422543525696,0.2276833910021041,Cockatoo_assembly_Valencia_start6000_720,80,diffts,2
0.093473665,0.01567563,0.12520236,28.254827857017517,0.5073195608205688,Cockatoo_assembly_Valencia_start6000_720,80,diffts-fft,6
0.1354538,0.026578851,0.16303022,36.250945925712585,0.164634488270605,Cockatoo_assembly_Valencia_start6000_720,80,timegan,2
0.15635455,0.034226444,0.1850039,34.98300015926361,-0.07572711643733498,Cockatoo_assembly_Valencia_start6000_720,80,cgan,2
0.16373229,0.035039973,0.18718967,22.409729659557343,-0.5924924450302029,Cockatoo_assembly_Valencia_start6000_720,90,oridata,2
0.118102744,0.019473689,0.13954815,17.804308235645294,0.11496213746960693,Cockatoo_assembly_Valencia_start6000_720,90,wgan,2
0.107060246,0.01703924,0.13053444,16.42376035451889,0.2256025921462499,Cockatoo_assembly_Valencia_start6000_720,90,diffts,2
0.082886316,0.010284128,0.10141069,12.287642806768417,0.5326081481121665,Cockatoo_assembly_Valencia_start6000_720,90,diffts-fft,6
0.12610014,0.022310497,0.14936699,18.539433181285858,-0.013964863674191363,Cockatoo_assembly_Valencia_start6000_720,90,timegan,2
0.1197629,0.02016072,0.14198846,17.832304537296295,0.0837379657127123,Cockatoo_assembly_Valencia_start6000_720,90,cgan,2
0.18693681,0.05180511,0.22760735,81.35746121406555,0.0355434498508177,Cockatoo_assembly_Valencia_start8000_720,20,oridata,2
0.25615087,0.0836837,0.28928134,68.37432384490967,-0.5579407727400219,Cockatoo_assembly_Valencia_start8000_720,20,wgan,2
0.16856143,0.045277767,0.21278574,80.3115963935852,0.15706307125720453,Cockatoo_assembly_Valencia_start8000_720,20,diffts,2
0.1532645,0.038511924,0.19624455,73.91538619995117,0.28302282746183227,Cockatoo_assembly_Valencia_start8000_720,20,diffts-fft,6
0.20099963,0.054421607,0.2332844,73.94411563873291,-0.013167954293692219,Cockatoo_assembly_Valencia_start8000_720,20,timegan,2
0.19774705,0.052786507,0.22975314,74.42110776901245,0.017272819259909533,Cockatoo_assembly_Valencia_start8000_720,20,cgan,2
0.26900345,0.09470155,0.30773616,75.2194881439209,-0.7758458729161504,Cockatoo_assembly_Valencia_start8000_720,30,oridata,2
0.2153476,0.06196489,0.24892749,85.5697751045227,-0.16196711877420644,Cockatoo_assembly_Valencia_start8000_720,30,wgan,2
0.1668936,0.044917148,0.21193665,92.79311299324036,0.15771259448994235,Cockatoo_assembly_Valencia_start8000_720,30,diffts,2
0.15759611,0.040854502,0.20212497,88.59561681747437,0.23389539693836126,Cockatoo_assembly_Valencia_start8000_720,30,diffts-fft,6
0.2317103,0.09342478,0.30565467,139.21533823013306,-0.7519038576042658,Cockatoo_assembly_Valencia_start8000_720,30,timegan,2
0.20548373,0.07207328,0.26846468,124.13582801818848,-0.3515199450954929,Cockatoo_assembly_Valencia_start8000_720,30,cgan,2
0.20532571,0.0701836,0.26492187,119.30849552154541,-0.3344148512223908,Cockatoo_assembly_Valencia_start8000_720,40,oridata,2
0.18497737,0.052744694,0.22966214,99.14788603782654,-0.002845564432971459,Cockatoo_assembly_Valencia_start8000_720,40,wgan,2
0.16014186,0.04923913,0.22189891,97.17216491699219,0.0638063792712309,Cockatoo_assembly_Valencia_start8000_720,40,diffts,2
0.14938477,0.039960403,0.19990098,83.45232009887695,0.2402247090240689,Cockatoo_assembly_Valencia_start8000_720,40,diffts-fft,6
0.19119571,0.053289495,0.23084518,90.62288403511047,-0.013203937920024389,Cockatoo_assembly_Valencia_start8000_720,40,timegan,2
0.21954092,0.06437337,0.25371906,83.50657820701599,-0.223943860553379,Cockatoo_assembly_Valencia_start8000_720,40,cgan,2
0.22516648,0.06604762,0.25699732,73.00008535385132,-0.2271514045847045,Cockatoo_assembly_Valencia_start8000_720,50,oridata,2
0.20611997,0.056949057,0.23864001,74.41706657409668,-0.05810200124895459,Cockatoo_assembly_Valencia_start8000_720,50,wgan,2
0.16992143,0.04497471,0.21207242,79.17623519897461,0.16437895332459662,Cockatoo_assembly_Valencia_start8000_720,50,diffts,2
0.15676087,0.038327288,0.19577356,71.93742990493774,0.28788672708491303,Cockatoo_assembly_Valencia_start8000_720,50,diffts-fft,6
0.22484474,0.06613157,0.2571606,73.28751683235168,-0.22871114889562794,Cockatoo_assembly_Valencia_start8000_720,50,timegan,2
0.19897236,0.052362513,0.22882856,73.15989136695862,0.027115046791350128,Cockatoo_assembly_Valencia_start8000_720,50,cgan,2
0.24910662,0.0780158,0.2793131,55.7959258556366,-0.5769659347813945,Cockatoo_assembly_Valencia_start8000_720,70,oridata,2
0.16381998,0.04799535,0.2190784,62.321704626083374,0.029849928105343593,Cockatoo_assembly_Valencia_start8000_720,70,wgan,2
0.17296605,0.042706203,0.20665479,56.37810826301575,0.13676162822698046,Cockatoo_assembly_Valencia_start8000_720,70,diffts,2
0.14369126,0.033470847,0.18295039,49.63032603263855,0.32343975210097453,Cockatoo_assembly_Valencia_start8000_720,70,diffts-fft,6
0.20237568,0.054287456,0.23299669,56.13003969192505,-0.09733500413247942,Cockatoo_assembly_Valencia_start8000_720,70,timegan,2
0.19013183,0.048764117,0.22082599,55.57994246482849,0.014310506980029447,Cockatoo_assembly_Valencia_start8000_720,70,cgan,2
0.18905406,0.053652145,0.23162933,92.97534227371216,-0.06053882162802382,Cockatoo_assembly_Valencia_start8000_720,80,oridata,2
0.19095396,0.05024795,0.22416054,79.49676513671875,0.006751820732896263,Cockatoo_assembly_Valencia_start8000_720,80,wgan,2
0.17121895,0.049593497,0.22269598,90.41352868080139,0.019688280980909134,Cockatoo_assembly_Valencia_start8000_720,80,diffts,2
0.14497034,0.033687428,0.18354136,65.72243571281433,0.33410263589000044,Cockatoo_assembly_Valencia_start8000_720,80,diffts-fft,6
0.18683657,0.050622016,0.22499336,85.62408685684204,-0.0006423219868598729,Cockatoo_assembly_Valencia_start8000_720,80,timegan,2
0.20683181,0.057724755,0.24025977,78.60140204429626,-0.14104181149466877,Cockatoo_assembly_Valencia_start8000_720,80,cgan,2
0.2353701,0.06968402,0.26397732,48.2804536819458,-0.41065171515510235,Cockatoo_assembly_Valencia_start8000_720,90,oridata,2
0.1783311,0.04232471,0.20572971,49.01991784572601,0.14319783115525375,Cockatoo_assembly_Valencia_start8000_720,90,wgan,2
0.16617839,0.03936935,0.19841711,47.669199109077454,0.20302474861490727,Cockatoo_assembly_Valencia_start8000_720,90,diffts,2
0.11928495,0.026902331,0.1640193,35.73943376541138,0.45540143759910434,Cockatoo_assembly_Valencia_start8000_720,90,diffts-fft,6
0.17725244,0.042783074,0.2068407,48.3231782913208,0.13391887276854153,Cockatoo_assembly_Valencia_start8000_720,90,timegan,2
0.20430867,0.053415284,0.23111747,48.534220457077026,-0.08131481405259655,Cockatoo_assembly_Valencia_start8000_720,90,cgan,2
0.30187905,0.11048282,0.33238956,2725.9376525878906,-0.020591805595070456,Cockatoo_industrial_Nathaniel_start6000_720,20,oridata,2
0.2745764,0.0934239,0.30565324,2018.250846862793,0.1369909547782775,Cockatoo_industrial_Nathaniel_start6000_720,20,wgan,2
0.13315329,0.027279994,0.16516656,835.7820510864258,0.7479993820720034,Cockatoo_industrial_Nathaniel_start6000_720,20,diffts,2
0.10832465,0.018387716,0.13560131,532.9393863677979,0.830142336193538,Cockatoo_industrial_Nathaniel_start6000_720,20,diffts-fft,6
0.26802954,0.089471325,0.29911757,1945.0908660888672,0.17350316989721903,Cockatoo_industrial_Nathaniel_start6000_720,20,timegan,2
0.2649825,0.08531369,0.29208508,2150.25577545166,0.21190953103570231,Cockatoo_industrial_Nathaniel_start6000_720,20,cgan,2
0.29794672,0.12270237,0.350289,1489.6745681762695,-0.13916317067620776,Cockatoo_industrial_Nathaniel_start6000_720,30,oridata,2
0.2831101,0.10077994,0.31745857,1892.942237854004,0.06436349795245999,Cockatoo_industrial_Nathaniel_start6000_720,30,wgan,2
0.15475333,0.038426828,0.19602762,725.6112575531006,0.6432471239733561,Cockatoo_industrial_Nathaniel_start6000_720,30,diffts,2
0.12861148,0.032061495,0.17905724,281.41164779663086,0.7023425571776368,Cockatoo_industrial_Nathaniel_start6000_720,30,diffts-fft,6
0.2791179,0.096926406,0.31133005,2001.8156051635742,0.10013959376283432,Cockatoo_industrial_Nathaniel_start6000_720,30,timegan,2
0.28231013,0.09704022,0.3115128,2127.737808227539,0.09908301166486899,Cockatoo_industrial_Nathaniel_start6000_720,30,cgan,2
0.2865722,0.102767736,0.32057407,1751.2622833251953,0.046184969692991684,Cockatoo_industrial_Nathaniel_start6000_720,40,oridata,2
0.25642705,0.07979332,0.2824771,2023.7045288085938,0.2594166342507237,Cockatoo_industrial_Nathaniel_start6000_720,40,wgan,2
0.14875513,0.031482227,0.17743231,1190.830421447754,0.7078049503172867,Cockatoo_industrial_Nathaniel_start6000_720,40,diffts,2
0.10633571,0.019139124,0.13834423,539.8919582366943,0.8223646204098927,Cockatoo_industrial_Nathaniel_start6000_720,40,diffts-fft,6
0.27219823,0.09026056,0.30043396,1868.2382583618164,0.16226734567945833,Cockatoo_industrial_Nathaniel_start6000_720,40,timegan,2
0.26869106,0.0910231,0.30170035,1685.3530883789062,0.15518990412197153,Cockatoo_industrial_Nathaniel_start6000_720,40,cgan,2
0.2917375,0.102191254,0.31967366,2425.362968444824,0.055402063213624064,Cockatoo_industrial_Nathaniel_start6000_720,50,oridata,2
0.27177143,0.08892644,0.29820538,2148.7388610839844,0.17801440463999907,Cockatoo_industrial_Nathaniel_start6000_720,50,wgan,2
0.117414184,0.022195881,0.14898282,665.0513648986816,0.7948338687502516,Cockatoo_industrial_Nathaniel_start6000_720,50,diffts,2
0.109338894,0.01830584,0.13529907,545.4460144042969,0.8307912079700809,Cockatoo_industrial_Nathaniel_start6000_720,50,diffts-fft,6
0.2667527,0.088441394,0.29739097,1931.8012237548828,0.18249797976535764,Cockatoo_industrial_Nathaniel_start6000_720,50,timegan,2
0.28106046,0.09655575,0.3107342,2112.508964538574,0.10749348175649687,Cockatoo_industrial_Nathaniel_start6000_720,50,cgan,2
0.28183895,0.101704344,0.3189112,2555.3817749023438,0.1190026820283927,Cockatoo_industrial_Nathaniel_start6000_720,70,oridata,2
0.2501243,0.07661462,0.27679345,2496.05770111084,0.3363383244697542,Cockatoo_industrial_Nathaniel_start6000_720,70,wgan,2
0.10901572,0.020228848,0.14222816,727.9067039489746,0.824770887057765,Cockatoo_industrial_Nathaniel_start6000_720,70,diffts,2
0.102772824,0.016832726,0.129741,519.3453311920166,0.8541892349534306,Cockatoo_industrial_Nathaniel_start6000_720,70,diffts-fft,6
0.2659971,0.088891745,0.29814717,2851.8674850463867,0.22998966417511058,Cockatoo_industrial_Nathaniel_start6000_720,70,timegan,2
0.28011122,0.09556334,0.3091332,2938.7802124023438,0.1721981797117238,Cockatoo_industrial_Nathaniel_start6000_720,70,cgan,2
0.29582334,0.10286956,0.32073286,2165.328788757324,0.06248489851778838,Cockatoo_industrial_Nathaniel_start6000_720,80,oridata,2
0.27389556,0.09151947,0.30252185,1732.4640274047852,0.16592541783745252,Cockatoo_industrial_Nathaniel_start6000_720,80,wgan,2
0.12156326,0.024832716,0.157584,603.928804397583,0.7736838107243317,Cockatoo_industrial_Nathaniel_start6000_720,80,diffts,2
0.11110214,0.019838616,0.14084962,466.1956787109375,0.8191981993855122,Cockatoo_industrial_Nathaniel_start6000_720,80,diffts-fft,6
0.272861,0.08874194,0.29789585,1861.1806869506836,0.1912387428212946,Cockatoo_industrial_Nathaniel_start6000_720,80,timegan,2
0.2736516,0.090055585,0.30009264,1844.906234741211,0.17926668724824157,Cockatoo_industrial_Nathaniel_start6000_720,80,cgan,2
0.32250974,0.12594868,0.3548925,987.9932403564453,0.05805531524512619,Cockatoo_industrial_Nathaniel_start6000_720,90,oridata,2
0.22236577,0.062814206,0.25062764,627.0054817199707,0.5302252333786608,Cockatoo_industrial_Nathaniel_start6000_720,90,wgan,2
0.11640514,0.018449074,0.13582736,424.85499382019043,0.8620231203293194,Cockatoo_industrial_Nathaniel_start6000_720,90,diffts,2
0.09260609,0.011675289,0.10805225,248.33998680114746,0.9126828727659987,Cockatoo_industrial_Nathaniel_start6000_720,90,diffts-fft,6
0.24742825,0.07625191,0.27613747,738.3227825164795,0.4297273123231663,Cockatoo_industrial_Nathaniel_start6000_720,90,timegan,2
0.28854904,0.09863956,0.31406936,1032.9168319702148,0.26229456163327125,Cockatoo_industrial_Nathaniel_start6000_720,90,cgan,2
0.3260327,0.12450741,0.35285607,374.1260290145874,0.07277322322335034,Cockatoo_industrial_Nathaniel_start8000_720,20,oridata,2
0.3098553,0.10894279,0.33006483,291.21696949005127,0.18868542404899247,Cockatoo_industrial_Nathaniel_start8000_720,20,wgan,2
0.13703015,0.032917783,0.18143259,91.79457426071167,0.7548559493427706,Cockatoo_industrial_Nathaniel_start8000_720,20,diffts,2
0.08003591,0.01480254,0.12166569,46.763405203819275,0.889763103121448,Cockatoo_industrial_Nathaniel_start8000_720,20,diffts-fft,6
0.28423816,0.09535523,0.3087964,290.2867794036865,0.28987428726287,Cockatoo_industrial_Nathaniel_start8000_720,20,timegan,2
0.30412522,0.10565457,0.3250455,302.1237373352051,0.21317339623676612,Cockatoo_industrial_Nathaniel_start8000_720,20,cgan,2
0.3410413,0.13347799,0.3653464,262.3840808868408,-0.03764069626814859,Cockatoo_industrial_Nathaniel_start8000_720,30,oridata,2
0.31527066,0.13963535,0.37367815,454.81953620910645,-0.08550717757978932,Cockatoo_industrial_Nathaniel_start8000_720,30,wgan,2
0.12529539,0.028656567,0.16928251,69.52148079872131,0.7772275488228617,Cockatoo_industrial_Nathaniel_start8000_720,30,diffts,2
0.07570156,0.013006531,0.11404618,38.06712627410889,0.8988889080494868,Cockatoo_industrial_Nathaniel_start8000_720,30,diffts-fft,6
0.31422728,0.11674113,0.341674,363.31591606140137,0.09246955315198058,Cockatoo_industrial_Nathaniel_start8000_720,30,timegan,2
0.31480372,0.14986834,0.38712832,483.0061912536621,-0.16505710660713402,Cockatoo_industrial_Nathaniel_start8000_720,30,cgan,2
0.31870392,0.14535694,0.38125706,468.69869232177734,-0.0933039897910719,Cockatoo_industrial_Nathaniel_start8000_720,40,oridata,2
0.3180675,0.11591316,0.3404602,327.8283357620239,0.12815775909733607,Cockatoo_industrial_Nathaniel_start8000_720,40,wgan,2
0.11119621,0.02158724,0.14692597,86.70958280563354,0.8376312962981294,Cockatoo_industrial_Nathaniel_start8000_720,40,diffts,2
0.08295453,0.012584289,0.11217972,50.56126117706299,0.9053471095244762,Cockatoo_industrial_Nathaniel_start8000_720,40,diffts-fft,6
0.3001631,0.106219284,0.325913,334.6750736236572,0.20107026869337585,Cockatoo_industrial_Nathaniel_start8000_720,40,timegan,2
0.30454558,0.106906526,0.32696563,269.81897354125977,0.1959012669973509,Cockatoo_industrial_Nathaniel_start8000_720,40,cgan,2
0.3311403,0.1248917,0.3534002,316.42119884490967,0.07170441253109072,Cockatoo_industrial_Nathaniel_start8000_720,50,oridata,2
0.29512283,0.09879993,0.31432456,255.9439182281494,0.2656394193904582,Cockatoo_industrial_Nathaniel_start8000_720,50,wgan,2
0.1311109,0.029227817,0.17096145,80.12269139289856,0.7827553634231511,Cockatoo_industrial_Nathaniel_start8000_720,50,diffts,2
0.06728957,0.012358059,0.111166805,24.291180074214935,0.9081449618067585,Cockatoo_industrial_Nathaniel_start8000_720,50,diffts-fft,6
0.2918144,0.097417206,0.3121173,279.3623208999634,0.27591699405616466,Cockatoo_industrial_Nathaniel_start8000_720,50,timegan,2
0.28857338,0.09653482,0.31070054,296.96404933929443,0.28247560578080166,Cockatoo_industrial_Nathaniel_start8000_720,50,cgan,2
0.3298913,0.12293646,0.35062295,301.71587467193604,0.14550856029514092,Cockatoo_industrial_Nathaniel_start8000_720,70,oridata,2
0.29794657,0.10589608,0.32541677,301.8747568130493,0.2639506469753583,Cockatoo_industrial_Nathaniel_start8000_720,70,wgan,2
0.12251484,0.026531,0.16288339,73.65788221359253,0.815591618362781,Cockatoo_industrial_Nathaniel_start8000_720,70,diffts,2
0.082758054,0.013500987,0.11619375,36.1690491437912,0.9061590143826775,Cockatoo_industrial_Nathaniel_start8000_720,70,diffts-fft,6
0.2908799,0.10992268,0.3315459,346.16339206695557,0.23596311064193942,Cockatoo_industrial_Nathaniel_start8000_720,70,timegan,2
0.2836296,0.103457116,0.3216475,336.94307804107666,0.2809031272856837,Cockatoo_industrial_Nathaniel_start8000_720,70,cgan,2
0.30195692,0.14513324,0.38096356,489.4935131072998,-0.1748660592734783,Cockatoo_industrial_Nathaniel_start8000_720,80,oridata,2
0.28642207,0.09658773,0.31078568,303.04858684539795,0.21811399356690764,Cockatoo_industrial_Nathaniel_start8000_720,80,wgan,2
0.108515814,0.018522687,0.13609809,82.13538527488708,0.8500572651242132,Cockatoo_industrial_Nathaniel_start8000_720,80,diffts,2
0.0765179,0.010057662,0.10028789,60.26309132575989,0.9185823670319737,Cockatoo_industrial_Nathaniel_start8000_720,80,diffts-fft,6
0.2585337,0.08159669,0.28565133,297.62911796569824,0.33946787626727937,Cockatoo_industrial_Nathaniel_start8000_720,80,timegan,2
0.28977555,0.10035399,0.31678697,329.8025369644165,0.1876259470612578,Cockatoo_industrial_Nathaniel_start8000_720,80,cgan,2
0.35991883,0.1413851,0.3760121,291.86315536499023,0.17713178696324372,Cockatoo_industrial_Nathaniel_start8000_720,90,oridata,2
0.1808832,0.06034521,0.24565262,162.325918674469,0.64878789449331,Cockatoo_industrial_Nathaniel_start8000_720,90,wgan,2
0.090066224,0.014239708,0.11933025,60.47234535217285,0.9171242051444126,Cockatoo_industrial_Nathaniel_start8000_720,90,diffts,2
0.08681012,0.010698668,0.10343436,55.14954924583435,0.9377332268817118,Cockatoo_industrial_Nathaniel_start8000_720,90,diffts-fft,6
0.14038293,0.03421577,0.18497506,102.52773761749268,0.8008625545240297,Cockatoo_industrial_Nathaniel_start8000_720,90,timegan,2
0.28476256,0.09338943,0.30559683,225.15735626220703,0.4564689138767041,Cockatoo_industrial_Nathaniel_start8000_720,90,cgan,2
0.1720463,0.041548934,0.20383556,43.42370629310608,-0.1114986880529536,Eagle_education_Edith_start4000_720,20,oridata,2
0.13570908,0.028829455,0.16979238,24.050039052963257,0.22876724727813702,Eagle_education_Edith_start4000_720,20,wgan,2
0.095590636,0.014066986,0.118604325,21.54836654663086,0.6236862712778478,Eagle_education_Edith_start4000_720,20,diffts,2
0.068750225,0.009465146,0.09728898,12.661731243133545,0.7467926280825892,Eagle_education_Edith_start4000_720,20,diffts-fft,6
0.14183407,0.03089669,0.17577454,26.472172141075134,0.1734654565814947,Eagle_education_Edith_start4000_720,20,timegan,2
0.14912559,0.035629462,0.18875769,25.87614357471466,0.046856472472931454,Eagle_education_Edith_start4000_720,20,cgan,2
0.17615698,0.047885377,0.21882728,28.528043627738953,-0.00908070136935124,Eagle_education_Edith_start4000_720,30,oridata,2
0.19616456,0.060857378,0.24669288,44.63745653629303,-0.28243763980976433,Eagle_education_Edith_start4000_720,30,wgan,2
0.1314932,0.028987888,0.1702583,26.055213809013367,0.3891429757624415,Eagle_education_Edith_start4000_720,30,diffts,2
0.09186263,0.015283596,0.12362684,17.04796701669693,0.6779312897268829,Eagle_education_Edith_start4000_720,30,diffts-fft,6
0.21410683,0.072700314,0.26962996,49.01222288608551,-0.5320017645473789,Eagle_education_Edith_start4000_720,30,timegan,2
0.21205823,0.07038807,0.26530752,48.600608110427856,-0.48327622892927646,Eagle_education_Edith_start4000_720,30,cgan,2
0.20111436,0.060525484,0.24601927,27.91832983493805,-0.19888095682225937,Eagle_education_Edith_start4000_720,40,oridata,2
0.1800492,0.049355187,0.22216026,24.85560178756714,0.022378807473066975,Eagle_education_Edith_start4000_720,40,wgan,2
0.12922114,0.028290527,0.16819789,19.38546448945999,0.4396248326913328,Eagle_education_Edith_start4000_720,40,diffts,2
0.0968455,0.015658535,0.12513407,14.265874028205872,0.6898377534946873,Eagle_education_Edith_start4000_720,40,diffts-fft,6
0.17222203,0.044519145,0.2109956,24.088874459266663,0.11817044871208582,Eagle_education_Edith_start4000_720,40,timegan,2
0.1586302,0.038119227,0.19524145,23.875777423381805,0.24493921364576032,Eagle_education_Edith_start4000_720,40,cgan,2
0.14730358,0.028116701,0.16768035,32.49689042568207,0.24899121162925453,Eagle_education_Edith_start4000_720,50,oridata,2
0.14852498,0.03440422,0.18548374,26.12687349319458,0.0810490022020035,Eagle_education_Edith_start4000_720,50,wgan,2
0.093887955,0.01357615,0.11651674,21.049781143665314,0.6373754128525616,Eagle_education_Edith_start4000_720,50,diffts,2
0.07105144,0.010138669,0.10069096,12.929025292396545,0.729191929518387,Eagle_education_Edith_start4000_720,50,diffts-fft,6
0.13849759,0.028141905,0.16775548,27.700424194335938,0.24831805578747146,Eagle_education_Edith_start4000_720,50,timegan,2
0.14639932,0.035748627,0.18907307,25.299763679504395,0.04513928842964077,Eagle_education_Edith_start4000_720,50,cgan,2
0.1393603,0.025392722,0.15935095,25.597044825553894,0.22290737155411766,Eagle_education_Edith_start4000_720,70,oridata,2
0.12958498,0.022329679,0.14943118,22.54636138677597,0.316645656076455,Eagle_education_Edith_start4000_720,70,wgan,2
0.10088503,0.014788306,0.12160718,17.289216816425323,0.5474339530458048,Eagle_education_Edith_start4000_720,70,diffts,2
0.074457765,0.010110519,0.100551076,11.473825573921204,0.6905881333037066,Eagle_education_Edith_start4000_720,70,diffts-fft,6
0.123943165,0.020469692,0.14307234,23.120494186878204,0.37356672514341516,Eagle_education_Edith_start4000_720,70,timegan,2
0.13527498,0.023961036,0.15479353,23.169469833374023,0.2667212715866185,Eagle_education_Edith_start4000_720,70,cgan,2
0.15916699,0.04270666,0.2066559,25.69897770881653,0.17167416350950582,Eagle_education_Edith_start4000_720,80,oridata,2
0.16939607,0.04230471,0.20568109,23.558659851551056,0.17947023635717307,Eagle_education_Edith_start4000_720,80,wgan,2
0.11929443,0.023316024,0.15269585,18.001551926136017,0.5477692268931234,Eagle_education_Edith_start4000_720,80,diffts,2
0.08756459,0.014281058,0.11950338,13.306179642677307,0.7230087657273674,Eagle_education_Edith_start4000_720,80,diffts-fft,6
0.18930927,0.05152236,0.22698537,25.584834814071655,0.0006873109041939385,Eagle_education_Edith_start4000_720,80,timegan,2
0.16104454,0.03720637,0.19288953,23.42125028371811,0.27835614760875993,Eagle_education_Edith_start4000_720,80,cgan,2
0.19150198,0.058607724,0.24209031,24.998962879180908,-1.0369129401539996,Eagle_education_Edith_start4000_720,90,oridata,2
0.13965157,0.024397563,0.15619719,20.964711904525757,0.15206204160381087,Eagle_education_Edith_start4000_720,90,wgan,2
0.09175872,0.012694915,0.11267171,15.391287207603455,0.5587878384133154,Eagle_education_Edith_start4000_720,90,diffts,2
0.0791328,0.0117565,0.1084274,13.367664813995361,0.5914024749946594,Eagle_education_Edith_start4000_720,90,diffts-fft,6
0.123791754,0.018362071,0.13550672,20.11501044034958,0.361825714619039,Eagle_education_Edith_start4000_720,90,timegan,2
0.124708384,0.020288762,0.14243862,18.682822585105896,0.29486361437813535,Eagle_education_Edith_start4000_720,90,cgan,2
0.27643415,0.09459127,0.30755693,79.78352904319763,-3.763407174597332,Eagle_education_Edith_start8000_720,20,oridata,2
0.12156317,0.019936824,0.14119782,28.035148978233337,-0.003974392827538642,Eagle_education_Edith_start8000_720,20,wgan,2
0.14796837,0.029374322,0.17138939,40.65764248371124,-0.479225871461487,Eagle_education_Edith_start8000_720,20,diffts,2
0.078367196,0.008965535,0.09468651,21.327975392341614,0.5485155130407924,Eagle_education_Edith_start8000_720,20,diffts-fft,6
0.11189516,0.016234754,0.12741567,26.37157142162323,0.18245372047078812,Eagle_education_Edith_start8000_720,20,timegan,2
0.11254838,0.020669876,0.14377022,23.911917209625244,-0.04088931965823761,Eagle_education_Edith_start8000_720,20,cgan,2
0.14759982,0.041737627,0.20429789,24.69874620437622,-0.2929319213659838,Eagle_education_Edith_start8000_720,30,oridata,2
0.23686159,0.075495504,0.27476445,64.21728134155273,-1.3386704264957459,Eagle_education_Edith_start8000_720,30,wgan,2
0.08932742,0.012042214,0.10973702,21.410393714904785,0.6269609834253027,Eagle_education_Edith_start8000_720,30,diffts,2
0.09168362,0.012724572,0.11280324,23.465128242969513,0.6058231859396603,Eagle_education_Edith_start8000_720,30,diffts-fft,6
0.1916846,0.050762143,0.22530456,50.545549392700195,-0.5724899881104522,Eagle_education_Edith_start8000_720,30,timegan,2
0.22501752,0.06858171,0.26188108,60.6295108795166,-1.1244974154735883,Eagle_education_Edith_start8000_720,30,cgan,2
0.2149647,0.06146919,0.24792981,51.90582871437073,-0.20960547494192427,Eagle_education_Edith_start8000_720,40,oridata,2
0.17642283,0.055012405,0.23454723,29.004642367362976,-0.08254731471539567,Eagle_education_Edith_start8000_720,40,wgan,2
0.1488341,0.031092348,0.17633022,36.80737316608429,0.38815730112186275,Eagle_education_Edith_start8000_720,40,diffts,2
0.066721514,0.008685774,0.0931975,15.294161438941956,0.8290792417920896,Eagle_education_Edith_start8000_720,40,diffts-fft,6
0.16974992,0.046215575,0.21497808,29.861095547676086,0.09055885367156835,Eagle_education_Edith_start8000_720,40,timegan,2
0.1595154,0.03927675,0.19818363,28.856125473976135,0.22710267460002087,Eagle_education_Edith_start8000_720,40,cgan,2
0.13715334,0.022806732,0.15101898,35.266441106796265,-0.16046095314741882,Eagle_education_Edith_start8000_720,50,oridata,2
0.124984,0.018675,0.13665651,32.499146461486816,0.049771342956308695,Eagle_education_Edith_start8000_720,50,wgan,2
0.13927284,0.025119811,0.15849231,37.55875825881958,-0.2781559267104452,Eagle_education_Edith_start8000_720,50,diffts,2
0.10413619,0.014896225,0.12205009,28.840067982673645,0.24204449582559773,Eagle_education_Edith_start8000_720,50,diffts-fft,6
0.14286496,0.024502233,0.15653189,38.549068570137024,-0.24673198547426667,Eagle_education_Edith_start8000_720,50,timegan,2
0.11713654,0.016294295,0.12764911,31.32111430168152,0.1709074043010258,Eagle_education_Edith_start8000_720,50,cgan,2
0.38503182,0.1602988,0.4003733,115.53013324737549,-10.383133656988132,Eagle_education_Edith_start8000_720,70,oridata,2
0.2004326,0.0477055,0.21841589,61.6732120513916,-2.3876616522202156,Eagle_education_Edith_start8000_720,70,wgan,2
0.09328317,0.0107574845,0.103718296,28.028041124343872,0.23608981444323662,Eagle_education_Edith_start8000_720,70,diffts,2
0.06157111,0.005493186,0.07411603,18.0126890540123,0.6099180778329308,Eagle_education_Edith_start8000_720,70,diffts-fft,6
0.20684564,0.050489057,0.2246977,63.75689506530762,-2.5853271152175137,Eagle_education_Edith_start8000_720,70,timegan,2
0.11564938,0.015260176,0.12353209,32.079559564590454,-0.08365511314072016,Eagle_education_Edith_start8000_720,70,cgan,2
0.17867936,0.046896014,0.21655488,30.97517192363739,-0.2218644741635709,Eagle_education_Edith_start8000_720,80,oridata,2
0.18803807,0.058764722,0.24241436,28.910112380981445,-0.5311007874809139,Eagle_education_Edith_start8000_720,80,wgan,2
0.08786595,0.011894837,0.109063454,18.942686915397644,0.6900828758811828,Eagle_education_Edith_start8000_720,80,diffts,2
0.04715373,0.0045012506,0.06709136,9.615997225046158,0.88272098781605,Eagle_education_Edith_start8000_720,80,diffts-fft,6
0.15744852,0.035593137,0.18866144,27.713847160339355,0.07262930286022484,Eagle_education_Edith_start8000_720,80,timegan,2
0.17846593,0.050682478,0.2251277,28.53458523750305,-0.32051974983979914,Eagle_education_Edith_start8000_720,80,cgan,2
0.11090438,0.015080925,0.12280442,28.78853976726532,0.27221284924826694,Eagle_education_Edith_start8000_720,90,oridata,2
0.13972536,0.026926873,0.1640941,39.83033299446106,-0.2994582436568647,Eagle_education_Edith_start8000_720,90,wgan,2
0.07766283,0.009451309,0.09721784,21.520544588565826,0.5438913055182563,Eagle_education_Edith_start8000_720,90,diffts,2
0.046414956,0.0046542673,0.06822219,11.454670131206512,0.7753907199238452,Eagle_education_Edith_start8000_720,90,diffts-fft,6
0.121321976,0.017843032,0.13357781,31.885388493537903,0.13891694733220716,Eagle_education_Edith_start8000_720,90,timegan,2
0.16817147,0.038776364,0.19691715,47.567346692085266,-0.8713004449108985,Eagle_education_Edith_start8000_720,90,cgan,2
0.20168127,0.05768416,0.24017528,27.40866243839264,-0.41568893999302947,Fox_lodging_Angla_start0_720,20,oridata,2
0.14374098,0.02799439,0.16731524,23.798072338104248,0.3129595042094211,Fox_lodging_Angla_start0_720,20,wgan,2
0.12185091,0.022004092,0.14833777,18.72400790452957,0.45997392901861067,Fox_lodging_Angla_start0_720,20,diffts,2
0.06707941,0.010212784,0.10105832,9.729547053575516,0.7493570999774077,Fox_lodging_Angla_start0_720,20,diffts-fft,6
0.16172974,0.03477404,0.18647799,25.29340386390686,0.1465729901160887,Fox_lodging_Angla_start0_720,20,timegan,2
0.15224999,0.031235736,0.17673634,24.605397880077362,0.23341023088985802,Fox_lodging_Angla_start0_720,20,cgan,2
0.39517903,0.18914858,0.43491215,56.332361698150635,-3.9629911733284438,Fox_lodging_Angla_start0_720,30,oridata,2
0.16727227,0.03724394,0.19298689,26.18975341320038,0.022771563528874883,Fox_lodging_Angla_start0_720,30,wgan,2
0.2415122,0.08468162,0.29100108,31.861451268196106,-1.2219260510460326,Fox_lodging_Angla_start0_720,30,diffts,2
0.105370946,0.017268466,0.13140954,14.593684673309326,0.5468998599404844,Fox_lodging_Angla_start0_720,30,diffts-fft,6
0.15066032,0.032475024,0.18020828,27.656644582748413,0.14790120912034277,Fox_lodging_Angla_start0_720,30,timegan,2
0.14792107,0.030536836,0.17474791,26.25952959060669,0.19875661416624146,Fox_lodging_Angla_start0_720,30,cgan,2
0.20160437,0.060894843,0.2467688,28.0463308095932,-0.5587892028734751,Fox_lodging_Angla_start0_720,40,oridata,2
0.14976686,0.0347059,0.1862952,29.996487498283386,0.11159671403933946,Fox_lodging_Angla_start0_720,40,wgan,2
0.08861336,0.013441388,0.115936995,14.658777415752411,0.6559267243357187,Fox_lodging_Angla_start0_720,40,diffts,2
0.061874542,0.008448202,0.0919141,9.531202167272568,0.7837425117166731,Fox_lodging_Angla_start0_720,40,diffts-fft,6
0.15653755,0.03250292,0.18028566,25.484097003936768,0.16798864976190453,Fox_lodging_Angla_start0_720,40,timegan,2
0.14996476,0.0303631,0.17425011,24.58818554878235,0.22276387786894447,Fox_lodging_Angla_start0_720,40,cgan,2
0.16379854,0.035792157,0.18918815,25.098714232444763,0.12417958187608336,Fox_lodging_Angla_start0_720,50,oridata,2
0.1534187,0.03163249,0.17785525,23.81625473499298,0.22596509871888537,Fox_lodging_Angla_start0_720,50,wgan,2
0.10957512,0.018536853,0.1361501,16.68962687253952,0.5464103285056385,Fox_lodging_Angla_start0_720,50,diffts,2
0.06227478,0.008596827,0.09271908,9.00166630744934,0.7896389115022197,Fox_lodging_Angla_start0_720,50,diffts-fft,6
0.19530515,0.054154973,0.23271221,26.537612080574036,-0.32515149612151695,Fox_lodging_Angla_start0_720,50,timegan,2
0.16277198,0.03633506,0.19061758,23.93089383840561,0.11089496999397142,Fox_lodging_Angla_start0_720,50,cgan,2
0.13883379,0.028175954,0.16785695,22.731369733810425,0.3276756749651093,Fox_lodging_Angla_start0_720,70,oridata,2
0.1511547,0.03191709,0.17865355,24.63858723640442,0.23840594313640417,Fox_lodging_Angla_start0_720,70,wgan,2
0.124711744,0.024713665,0.1572058,18.064884841442108,0.4102914885119985,Fox_lodging_Angla_start0_720,70,diffts,2
0.06778481,0.011824513,0.108740576,9.568619728088379,0.7178477910904135,Fox_lodging_Angla_start0_720,70,diffts-fft,6
0.14103875,0.02895323,0.1701565,23.694010078907013,0.30912858344946537,Fox_lodging_Angla_start0_720,70,timegan,2
0.136397,0.027497891,0.16582488,22.801709175109863,0.3438553619047561,Fox_lodging_Angla_start0_720,70,cgan,2
0.1686377,0.043324787,0.20814607,26.299482583999634,0.019107061972514106,Fox_lodging_Angla_start0_720,80,oridata,2
0.15795663,0.03183771,0.17843124,30.451366305351257,0.27917975785061455,Fox_lodging_Angla_start0_720,80,wgan,2
0.073727705,0.010597663,0.10294495,12.710921466350555,0.7600640715795564,Fox_lodging_Angla_start0_720,80,diffts,2
0.05388979,0.0073708273,0.085853525,8.73558223247528,0.8331211058114302,Fox_lodging_Angla_start0_720,80,diffts-fft,6
0.15731996,0.031693608,0.17802699,29.67657744884491,0.28244227662388965,Fox_lodging_Angla_start0_720,80,timegan,2
0.15908399,0.032646425,0.18068321,29.664823412895203,0.26087007566317844,Fox_lodging_Angla_start0_720,80,cgan,2
0.21560854,0.068062015,0.26088697,28.074032068252563,-0.1305210414888338,Fox_lodging_Angla_start0_720,90,oridata,2
0.17569092,0.047903083,0.21886773,22.79282957315445,0.20432214887717215,Fox_lodging_Angla_start0_720,90,wgan,2
0.11704974,0.029948127,0.17305528,15.944933891296387,0.5025568299275045,Fox_lodging_Angla_start0_720,90,diffts,2
0.09536671,0.028968863,0.17020242,10.639353841543198,0.5188225767766765,Fox_lodging_Angla_start0_720,90,diffts-fft,6
0.17254211,0.048318006,0.21981357,23.291969299316406,0.19743014642690893,Fox_lodging_Angla_start0_720,90,timegan,2
0.17491716,0.048231218,0.21961607,22.9765385389328,0.198871730782332,Fox_lodging_Angla_start0_720,90,cgan,2
0.23498945,0.08051946,0.2837595,226.03013515472412,-0.1842733620260273,Fox_lodging_Angla_start2000_720,20,oridata,2
0.20733514,0.056582607,0.23787099,156.27238750457764,0.1677878415131605,Fox_lodging_Angla_start2000_720,20,wgan,2
0.076359704,0.009176324,0.095793135,50.515925884246826,0.865035409764046,Fox_lodging_Angla_start2000_720,20,diffts,2
0.0642468,0.00690476,0.08309489,33.782050013542175,0.8984453872587803,Fox_lodging_Angla_start2000_720,20,diffts-fft,6
0.1858997,0.04632038,0.2152217,151.82878971099854,0.3187239085849515,Fox_lodging_Angla_start2000_720,20,timegan,2
0.17538291,0.04165194,0.20408808,143.24334859848022,0.3873867713919005,Fox_lodging_Angla_start2000_720,20,cgan,2
0.26465634,0.102203175,0.3196923,90.29679298400879,-0.4524843313751483,Fox_lodging_Angla_start2000_720,30,oridata,2
0.2097689,0.0614877,0.24796714,174.32656288146973,0.12615322958126685,Fox_lodging_Angla_start2000_720,30,wgan,2
0.080477394,0.010295693,0.10146769,41.99346899986267,0.8536803510513966,Fox_lodging_Angla_start2000_720,30,diffts,2
0.08179706,0.0104091475,0.10202523,39.54492211341858,0.8520679702707773,Fox_lodging_Angla_start2000_720,30,diffts-fft,6
0.22346643,0.06930349,0.26325557,187.02908754348755,0.015077297849988569,Fox_lodging_Angla_start2000_720,30,timegan,2
0.21081151,0.059576124,0.24408221,165.3196096420288,0.15331997644395245,Fox_lodging_Angla_start2000_720,30,cgan,2
0.25199193,0.08926518,0.29877278,109.7503662109375,-0.27216526150315445,Fox_lodging_Angla_start2000_720,40,oridata,2
0.19765383,0.05026314,0.22419442,134.8024845123291,0.2836733917336498,Fox_lodging_Angla_start2000_720,40,wgan,2
0.07535862,0.008850087,0.094074905,55.6072473526001,0.873872737980066,Fox_lodging_Angla_start2000_720,40,diffts,2
0.064924814,0.0066030975,0.081259444,35.88930666446686,0.9058957646738659,Fox_lodging_Angla_start2000_720,40,diffts-fft,6
0.21727556,0.062292427,0.24958451,122.03377485275269,0.11223766368530375,Fox_lodging_Angla_start2000_720,40,timegan,2
0.20193551,0.052726112,0.22962168,143.05418729782104,0.2485723109835316,Fox_lodging_Angla_start2000_720,40,cgan,2
0.20162532,0.057492983,0.23977694,186.73197031021118,0.1569444298949768,Fox_lodging_Angla_start2000_720,50,oridata,2
0.19958322,0.053086713,0.23040554,130.98268508911133,0.22155625466098683,Fox_lodging_Angla_start2000_720,50,wgan,2
0.07831166,0.009625851,0.09811142,56.07256293296814,0.8588501167367247,Fox_lodging_Angla_start2000_720,50,diffts,2
0.06767869,0.007341969,0.08568529,39.73236680030823,0.8923401120658455,Fox_lodging_Angla_start2000_720,50,diffts-fft,6
0.18946674,0.04770492,0.21841456,141.11170768737793,0.3004729115577761,Fox_lodging_Angla_start2000_720,50,timegan,2
0.19796345,0.05178951,0.2275731,132.74774551391602,0.24057799596374907,Fox_lodging_Angla_start2000_720,50,cgan,2
0.20218638,0.053869206,0.2320974,173.7847089767456,0.20238227275550857,Fox_lodging_Angla_start2000_720,70,oridata,2
0.16663267,0.036332324,0.1906104,115.02889394760132,0.4620431424976542,Fox_lodging_Angla_start2000_720,70,wgan,2
0.07330759,0.008230757,0.09072352,44.2009299993515,0.8781307820051301,Fox_lodging_Angla_start2000_720,70,diffts,2
0.06287351,0.0063248347,0.07952883,34.79703664779663,0.9063509371464032,Fox_lodging_Angla_start2000_720,70,diffts-fft,6
0.18444563,0.04500942,0.21215424,147.76092767715454,0.3335651797728495,Fox_lodging_Angla_start2000_720,70,timegan,2
0.17301156,0.041269507,0.20314898,144.57998275756836,0.38894045567473556,Fox_lodging_Angla_start2000_720,70,cgan,2
0.22185318,0.06270971,0.25041908,153.26472520828247,0.10416755746336859,Fox_lodging_Angla_start2000_720,80,oridata,2
0.20425944,0.055474784,0.23553085,158.6308717727661,0.2075213296652627,Fox_lodging_Angla_start2000_720,80,wgan,2
0.07480459,0.009102303,0.09540599,25.538182258605957,0.8699701013925634,Fox_lodging_Angla_start2000_720,80,diffts,2
0.07162109,0.008351556,0.09138685,20.33255845308304,0.8806948053155466,Fox_lodging_Angla_start2000_720,80,diffts-fft,6
0.20383346,0.052667513,0.22949404,136.97819709777832,0.24762428017302507,Fox_lodging_Angla_start2000_720,80,timegan,2
0.20589653,0.053964574,0.23230277,134.24135446548462,0.2290952798886695,Fox_lodging_Angla_start2000_720,80,cgan,2
0.1828814,0.044952683,0.21202047,74.12164807319641,0.2379323163925553,Fox_lodging_Angla_start2000_720,90,oridata,2
0.1406689,0.02971789,0.17238878,67.33968257904053,0.49620257643722965,Fox_lodging_Angla_start2000_720,90,wgan,2
0.06873529,0.0076178233,0.08728014,21.595574915409088,0.8708575994927727,Fox_lodging_Angla_start2000_720,90,diffts,2
0.05853385,0.0059724553,0.07728166,16.9004425406456,0.8987509665628789,Fox_lodging_Angla_start2000_720,90,diffts-fft,6
0.1634708,0.035126448,0.18742052,73.85703921318054,0.4045132232452888,Fox_lodging_Angla_start2000_720,90,timegan,2
0.14816736,0.029236114,0.17098571,69.48298811912537,0.5043700229223227,Fox_lodging_Angla_start2000_720,90,cgan,2
0.16544437,0.03444042,0.18558131,120.51584720611572,-0.26064716376588914,Fox_lodging_Frances_start0_720,20,oridata,2
0.13791977,0.024585748,0.15679844,84.34953689575195,0.10007036930704638,Fox_lodging_Frances_start0_720,20,wgan,2
0.099048145,0.016427916,0.12817143,51.111286878585815,0.3986773194422182,Fox_lodging_Frances_start0_720,20,diffts,2
0.07873286,0.01085127,0.10416943,44.862645864486694,0.6028032270212462,Fox_lodging_Frances_start0_720,20,diffts-fft,6
0.14060539,0.024866812,0.15769215,90.6554639339447,0.08978241909281737,Fox_lodging_Frances_start0_720,20,timegan,2
0.13663949,0.025313983,0.15910369,82.04289674758911,0.07341432407864956,Fox_lodging_Frances_start0_720,20,cgan,2
0.15374598,0.034142602,0.18477717,74.04201030731201,0.002891851867406814,Fox_lodging_Frances_start0_720,30,oridata,2
0.15914673,0.03202629,0.17895891,94.03494596481323,0.06469708424575571,Fox_lodging_Frances_start0_720,30,wgan,2
0.10333155,0.020164507,0.14200178,40.53976237773895,0.4111112865359232,Fox_lodging_Frances_start0_720,30,diffts,2
0.08947161,0.015451006,0.124302074,36.994922161102295,0.5487653474315394,Fox_lodging_Frances_start0_720,30,diffts-fft,6
0.14938635,0.029303016,0.17118123,81.98838829994202,0.14422814913733073,Fox_lodging_Frances_start0_720,30,timegan,2
0.16580755,0.03477571,0.18648247,108.55813026428223,-0.015597685989597654,Fox_lodging_Frances_start0_720,30,cgan,2
0.17545512,0.038911726,0.19726056,99.23288822174072,0.01366565519140206,Fox_lodging_Frances_start0_720,40,oridata,2
0.16329774,0.03727769,0.19307432,77.33363509178162,0.05508520536241812,Fox_lodging_Frances_start0_720,40,wgan,2
0.12534398,0.024088053,0.15520327,57.3930025100708,0.3894161034193645,Fox_lodging_Frances_start0_720,40,diffts,2
0.078864135,0.011897352,0.10907498,34.71625745296478,0.6984259593244022,Fox_lodging_Frances_start0_720,40,diffts-fft,6
0.16344804,0.035813976,0.1892458,81.41999840736389,0.09218732809836083,Fox_lodging_Frances_start0_720,40,timegan,2
0.15812235,0.033226226,0.18228063,81.1703085899353,0.15778173119740746,Fox_lodging_Frances_start0_720,40,cgan,2
0.18353288,0.04480989,0.21168347,144.66369152069092,-0.6368746331600901,Fox_lodging_Frances_start0_720,50,oridata,2
0.14859751,0.027126405,0.16470096,97.137451171875,0.00909098580440737,Fox_lodging_Frances_start0_720,50,wgan,2
0.08976543,0.014853597,0.12187533,42.379358410835266,0.45740829563219954,Fox_lodging_Frances_start0_720,50,diffts,2
0.07781609,0.010798957,0.10391803,41.38177931308746,0.605521527277827,Fox_lodging_Frances_start0_720,50,diffts-fft,6
0.14058225,0.025307747,0.15908408,90.26635885238647,0.07552538318923996,Fox_lodging_Frances_start0_720,50,timegan,2
0.13658214,0.025245586,0.1588886,80.65193295478821,0.07779603021200876,Fox_lodging_Frances_start0_720,50,cgan,2
0.15268394,0.028612409,0.16915202,93.55742931365967,0.033804024024416734,Fox_lodging_Frances_start0_720,70,oridata,2
0.14140466,0.027265439,0.1651225,74.92243647575378,0.07928908362489717,Fox_lodging_Frances_start0_720,70,wgan,2
0.09128935,0.01497,0.12235195,43.1408554315567,0.4944866344772706,Fox_lodging_Frances_start0_720,70,diffts,2
0.0798293,0.010922275,0.10450969,45.314547419548035,0.6311719987751375,Fox_lodging_Frances_start0_720,70,diffts-fft,6
0.13211888,0.027392885,0.16550796,62.84015774726868,0.07498540407960153,Fox_lodging_Frances_start0_720,70,timegan,2
0.14640282,0.026634352,0.16320035,90.40636420249939,0.10059986227577966,Fox_lodging_Frances_start0_720,70,cgan,2
0.1693072,0.03745911,0.19354355,87.64030337333679,0.0465889215020997,Fox_lodging_Frances_start0_720,80,oridata,2
0.16210479,0.035149224,0.18748127,79.4052243232727,0.10538027058700283,Fox_lodging_Frances_start0_720,80,wgan,2
0.122284636,0.025015643,0.15816334,56.49906396865845,0.3633006157430738,Fox_lodging_Frances_start0_720,80,diffts,2
0.09034321,0.014494937,0.12039492,40.4092013835907,0.6310741684241163,Fox_lodging_Frances_start0_720,80,diffts-fft,6
0.16345577,0.037224885,0.19293752,74.57588315010071,0.05255047188938655,Fox_lodging_Frances_start0_720,80,timegan,2
0.16538748,0.037999433,0.19493443,76.17861032485962,0.03283661757945622,Fox_lodging_Frances_start0_720,80,cgan,2
0.14542827,0.031747952,0.17817955,58.64558219909668,0.030629550350282142,Fox_lodging_Frances_start0_720,90,oridata,2
0.15147279,0.033098616,0.18193024,64.01748061180115,-0.010610486772420602,Fox_lodging_Frances_start0_720,90,wgan,2
0.10651797,0.024243271,0.1557025,36.301425099372864,0.2597722942488706,Fox_lodging_Frances_start0_720,90,diffts,2
0.08898778,0.014659167,0.12107505,35.21870672702789,0.5524069890349463,Fox_lodging_Frances_start0_720,90,diffts-fft,6
0.14351833,0.03156926,0.17767741,57.013875246047974,0.03608561525891596,Fox_lodging_Frances_start0_720,90,timegan,2
0.14270587,0.027447283,0.16567221,63.0907416343689,0.161943259158148,Fox_lodging_Frances_start0_720,90,cgan,2
0.10686956,0.017565457,0.13253474,18.553997576236725,0.006338476325478237,Fox_lodging_Frances_start4000_720,20,oridata,2
0.09372598,0.014018223,0.11839858,17.159046232700348,0.20700222060781603,Fox_lodging_Frances_start4000_720,20,wgan,2
0.10877201,0.01977692,0.14063044,21.516980230808258,-0.11876211024048411,Fox_lodging_Frances_start4000_720,20,diffts,2
0.057891015,0.006269251,0.0791786,11.323832720518112,0.6453542920111746,Fox_lodging_Frances_start4000_720,20,diffts-fft,6
0.099186786,0.014784313,0.121590756,17.3846572637558,0.16366517788925228,Fox_lodging_Frances_start4000_720,20,timegan,2
0.12037137,0.021390548,0.14625508,19.380035996437073,-0.21004341185195763,Fox_lodging_Frances_start4000_720,20,cgan,2
0.35744053,0.14519504,0.38104466,50.749897956848145,-6.439841767756693,Fox_lodging_Frances_start4000_720,30,oridata,2
0.11797058,0.020361686,0.14269438,19.087600708007812,-0.04333967909051428,Fox_lodging_Frances_start4000_720,30,wgan,2
0.09966883,0.017349686,0.1317182,18.595212697982788,0.11099622831577494,Fox_lodging_Frances_start4000_720,30,diffts,2
0.10128003,0.019028917,0.13794534,18.738354742527008,0.02495194870070494,Fox_lodging_Frances_start4000_720,30,diffts-fft,6
0.15594465,0.03741336,0.19342533,28.957849740982056,-0.9170729808395011,Fox_lodging_Frances_start4000_720,30,timegan,2
0.15939444,0.03918434,0.19795035,29.64230179786682,-1.0078186761702583,Fox_lodging_Frances_start4000_720,30,cgan,2
0.10761611,0.018872416,0.1373769,19.953811168670654,-0.10812610333493233,Fox_lodging_Frances_start4000_720,40,oridata,2
0.09929926,0.0154254185,0.12419911,16.054387390613556,0.09427026377221148,Fox_lodging_Frances_start4000_720,40,wgan,2
0.07127992,0.008587321,0.0926678,12.674573063850403,0.4957807852269862,Fox_lodging_Frances_start4000_720,40,diffts,2
0.0461407,0.0040869857,0.063929535,8.095530420541763,0.7600256509998953,Fox_lodging_Frances_start4000_720,40,diffts-fft,6
0.11785507,0.020456035,0.1430246,18.150970339775085,-0.20111098352869972,Fox_lodging_Frances_start4000_720,40,timegan,2
0.10909376,0.018159142,0.13475586,16.9539675116539,-0.06624487235223331,Fox_lodging_Frances_start4000_720,40,cgan,2
0.3872112,0.16604213,0.40748268,57.43013024330139,-8.421297054815698,Fox_lodging_Frances_start4000_720,50,oridata,2
0.12223877,0.022644166,0.15047978,19.42366361618042,-0.2848391502532621,Fox_lodging_Frances_start4000_720,50,wgan,2
0.10241903,0.018081242,0.13446651,20.262765884399414,-0.025937059620397385,Fox_lodging_Frances_start4000_720,50,diffts,2
0.054554302,0.005823019,0.076308705,10.625682771205902,0.6695995376205437,Fox_lodging_Frances_start4000_720,50,diffts-fft,6
0.09820509,0.016138703,0.1270382,19.18676495552063,0.08428345452989128,Fox_lodging_Frances_start4000_720,50,timegan,2
0.09424985,0.014368216,0.11986749,17.456533014774323,0.18474161013904555,Fox_lodging_Frances_start4000_720,50,cgan,2
0.111982204,0.019837048,0.14084406,22.909939289093018,-0.48099834405171227,Fox_lodging_Frances_start4000_720,70,oridata,2
0.08266229,0.011664313,0.10800145,17.139987647533417,0.12916330648525276,Fox_lodging_Frances_start4000_720,70,wgan,2
0.054145463,0.005959582,0.07719833,11.815887689590454,0.5550682679826497,Fox_lodging_Frances_start4000_720,70,diffts,2
0.051695056,0.0052429195,0.072408006,10.746750980615616,0.6085730366343702,Fox_lodging_Frances_start4000_720,70,diffts-fft,6
0.08244519,0.011442386,0.10696909,15.72139859199524,0.14573203338662677,Fox_lodging_Frances_start4000_720,70,timegan,2
0.1048971,0.017132543,0.13089134,21.255236864089966,-0.27908502493614806,Fox_lodging_Frances_start4000_720,70,cgan,2
0.11504649,0.019876769,0.140985,18.195001780986786,-0.23686504615516357,Fox_lodging_Frances_start4000_720,80,oridata,2
0.11451014,0.019794706,0.14069366,15.216188132762909,-0.23175852019332255,Fox_lodging_Frances_start4000_720,80,wgan,2
0.08858683,0.011920358,0.10918039,12.691546976566315,0.25823589960993587,Fox_lodging_Frances_start4000_720,80,diffts,2
0.04172142,0.0035083895,0.059231658,5.948455259203911,0.7816846182324287,Fox_lodging_Frances_start4000_720,80,diffts-fft,6
0.109859794,0.018561022,0.13623884,14.56335335969925,-0.15499048238583835,Fox_lodging_Frances_start4000_720,80,timegan,2
0.13878046,0.02820115,0.16793197,18.065765500068665,-0.75486354442593,Fox_lodging_Frances_start4000_720,80,cgan,2
0.08016315,0.01113695,0.10553175,11.02764829993248,-0.38232193998112907,Fox_lodging_Frances_start4000_720,90,oridata,2
0.07700821,0.006994613,0.0836338,12.062285095453262,0.13182636372899248,Fox_lodging_Frances_start4000_720,90,wgan,2
0.0681884,0.005756797,0.07587356,10.906749218702316,0.2854645638730292,Fox_lodging_Frances_start4000_720,90,diffts,2
0.03555487,0.0021126845,0.045963947,5.088743939995766,0.7377728894266433,Fox_lodging_Frances_start4000_720,90,diffts-fft,6
0.09078071,0.011243157,0.10603376,14.761894941329956,-0.39550443257160484,Fox_lodging_Frances_start4000_720,90,timegan,2
0.08285487,0.008737065,0.093472265,13.339786231517792,-0.084447359100839,Fox_lodging_Frances_start4000_720,90,cgan,2
0.17210971,0.03457114,0.18593316,42.4365371465683,0.1320585299940582,Hog_health_Hisako_start4000_720,20,oridata,2
0.14416315,0.038434636,0.19604753,27.56866216659546,0.0350619294292156,Hog_health_Hisako_start4000_720,20,wgan,2
0.07790471,0.010709864,0.103488475,16.660648584365845,0.7311186525925377,Hog_health_Hisako_start4000_720,20,diffts,2
0.045575242,0.00418607,0.06469984,10.360735654830933,0.8949047275839026,Hog_health_Hisako_start4000_720,20,diffts-fft,6
0.14148203,0.04253484,0.20623976,24.718068540096283,-0.06787766578293697,Hog_health_Hisako_start4000_720,20,timegan,2
0.14196604,0.02917804,0.17081581,30.746522545814514,0.2674575053069965,Hog_health_Hisako_start4000_720,20,cgan,2
0.28714478,0.12399425,0.35212818,53.74704599380493,-1.7401228181065655,Hog_health_Hisako_start4000_720,30,oridata,2
0.21842308,0.057699777,0.24020778,67.78022646903992,-0.27509528841851205,Hog_health_Hisako_start4000_720,30,wgan,2
0.08408055,0.011295754,0.10628149,22.10385501384735,0.7503775274338281,Hog_health_Hisako_start4000_720,30,diffts,2
0.07206532,0.007903953,0.08890418,20.493632555007935,0.8253322080333075,Hog_health_Hisako_start4000_720,30,diffts-fft,6
0.21423449,0.05517146,0.23488605,66.0160779953003,-0.21922246236946075,Hog_health_Hisako_start4000_720,30,timegan,2
0.19514953,0.046153594,0.21483387,58.0582857131958,-0.019938603662630783,Hog_health_Hisako_start4000_720,30,cgan,2
0.24608201,0.0771141,0.27769426,81.70313239097595,-0.5188668352256671,Hog_health_Hisako_start4000_720,40,oridata,2
0.16294144,0.04775792,0.21853586,36.793968081474304,0.059343010315864864,Hog_health_Hisako_start4000_720,40,wgan,2
0.07312979,0.00840478,0.09167759,21.27295881509781,0.8344564643400905,Hog_health_Hisako_start4000_720,40,diffts,2
0.05049932,0.004666118,0.06830899,14.384685456752777,0.9080944766958818,Hog_health_Hisako_start4000_720,40,diffts-fft,6
0.1640674,0.037104942,0.19262643,45.56163549423218,0.26916787485144,Hog_health_Hisako_start4000_720,40,timegan,2
0.1686289,0.044576883,0.21113238,45.03936171531677,0.12199783314214374,Hog_health_Hisako_start4000_720,40,cgan,2
0.17275345,0.036755167,0.19171637,41.73911213874817,0.07875434926346359,Hog_health_Hisako_start4000_720,50,oridata,2
0.13556688,0.033551846,0.18317163,26.26585066318512,0.1590434861331047,Hog_health_Hisako_start4000_720,50,wgan,2
0.09513973,0.018280499,0.13520539,18.056093156337738,0.5418104927513778,Hog_health_Hisako_start4000_720,50,diffts,2
0.046627767,0.004178365,0.064640276,10.638466477394104,0.8952718236258526,Hog_health_Hisako_start4000_720,50,diffts-fft,6
0.13366964,0.034035683,0.18448763,25.25959610939026,0.14691634049586344,Hog_health_Hisako_start4000_720,50,timegan,2
0.14143573,0.040601455,0.20149803,25.38284957408905,-0.017650607734111423,Hog_health_Hisako_start4000_720,50,cgan,2
0.16587813,0.035080507,0.18729791,37.593284249305725,0.1709842913238685,Hog_health_Hisako_start4000_720,70,oridata,2
0.17396206,0.03659774,0.19130535,40.82734286785126,0.1351292932033461,Hog_health_Hisako_start4000_720,70,wgan,2
0.10761936,0.023658978,0.15381475,18.76051276922226,0.4408956252734416,Hog_health_Hisako_start4000_720,70,diffts,2
0.04912797,0.0041513387,0.064430885,10.910291224718094,0.9018963679801492,Hog_health_Hisako_start4000_720,70,diffts-fft,6
0.16061226,0.03273159,0.18091874,36.145421862602234,0.2264933925878687,Hog_health_Hisako_start4000_720,70,timegan,2
0.15776487,0.030685969,0.17517412,36.19369864463806,0.27483516380369033,Hog_health_Hisako_start4000_720,70,cgan,2
0.18477117,0.054512903,0.23347999,30.790221691131592,-0.16107030952196522,Hog_health_Hisako_start4000_720,80,oridata,2
0.18888597,0.060860172,0.24669854,29.672899842262268,-0.29626073626968874,Hog_health_Hisako_start4000_720,80,wgan,2
0.11671497,0.025301255,0.15906368,18.74484419822693,0.46110856450253823,Hog_health_Hisako_start4000_720,80,diffts,2
0.059252687,0.0065362887,0.080847315,10.97760796546936,0.8607835903688478,Hog_health_Hisako_start4000_720,80,diffts-fft,6
0.1700202,0.042189494,0.20540081,30.564546585083008,0.10140598001722478,Hog_health_Hisako_start4000_720,80,timegan,2
0.18091369,0.039968766,0.1999219,38.10842037200928,0.14870526668176232,Hog_health_Hisako_start4000_720,80,cgan,2
0.17306094,0.04071376,0.20177652,36.396026611328125,0.15817747385827008,Hog_health_Hisako_start4000_720,90,oridata,2
0.17207564,0.034227256,0.1850061,43.086451292037964,0.2922963758418321,Hog_health_Hisako_start4000_720,90,wgan,2
0.070970155,0.009246739,0.096159965,15.410633385181427,0.8088088081779896,Hog_health_Hisako_start4000_720,90,diffts,2
0.048136484,0.0039335014,0.06271763,10.037409514188766,0.9186685359315722,Hog_health_Hisako_start4000_720,90,diffts-fft,6
0.17596811,0.041380722,0.20342252,36.644235253334045,0.1443870411090451,Hog_health_Hisako_start4000_720,90,timegan,2
0.172983,0.034775,0.18648057,42.91623532772064,0.2809709418601526,Hog_health_Hisako_start4000_720,90,cgan,2
0.22413512,0.06488332,0.25472206,104.91945743560791,-0.007932699940853771,Hog_health_Hisako_start8000_720,20,oridata,2
0.19059692,0.052785967,0.22975197,81.50237202644348,0.17999411619680294,Hog_health_Hisako_start8000_720,20,wgan,2
0.08197976,0.01144978,0.107003644,39.96278643608093,0.8221329046425163,Hog_health_Hisako_start8000_720,20,diffts,2
0.05865826,0.0056902296,0.07543361,27.375853061676025,0.9116048863005669,Hog_health_Hisako_start8000_720,20,diffts-fft,6
0.17314859,0.04751161,0.21797158,70.78658938407898,0.26192884253788173,Hog_health_Hisako_start8000_720,20,timegan,2
0.1967047,0.051397152,0.2267094,89.67068195343018,0.20156871810209964,Hog_health_Hisako_start8000_720,20,cgan,2
0.31150904,0.16104443,0.4013034,82.86473751068115,-1.4201728894630734,Hog_health_Hisako_start8000_720,30,oridata,2
0.1951599,0.051609885,0.2271781,81.90160393714905,0.22440756594062217,Hog_health_Hisako_start8000_720,30,wgan,2
0.0801031,0.0100414,0.100206785,37.78948187828064,0.8490980109911368,Hog_health_Hisako_start8000_720,30,diffts,2
0.06881335,0.0074978815,0.086590305,31.780114769935608,0.887321974209396,Hog_health_Hisako_start8000_720,30,diffts-fft,6
0.244777,0.07178959,0.2679358,114.75019454956055,-0.07885272387725761,Hog_health_Hisako_start8000_720,30,timegan,2
0.22770596,0.06456613,0.25409865,102.08369493484497,0.02970145372680144,Hog_health_Hisako_start8000_720,30,cgan,2
0.24546926,0.06971099,0.2640284,116.57549142837524,-0.03701542722091644,Hog_health_Hisako_start8000_720,40,oridata,2
0.19862258,0.05729505,0.23936385,78.50664854049683,0.14768322886937546,Hog_health_Hisako_start8000_720,40,wgan,2
0.08263937,0.011919831,0.10917798,36.854130029678345,0.822681500755009,Hog_health_Hisako_start8000_720,40,diffts,2
0.047515634,0.0051397146,0.0716918,16.17465913295746,0.9235419929843649,Hog_health_Hisako_start8000_720,40,diffts-fft,6
0.19248725,0.052494552,0.2291169,77.66538858413696,0.21909506385140975,Hog_health_Hisako_start8000_720,40,timegan,2
0.18786877,0.045571156,0.21347402,82.41905570030212,0.3220869332261763,Hog_health_Hisako_start8000_720,40,cgan,2
0.25226727,0.07318015,0.2705183,128.61013412475586,-0.13341321854459331,Hog_health_Hisako_start8000_720,50,oridata,2
0.19095373,0.052585356,0.22931497,82.28033185005188,0.18555860097667842,Hog_health_Hisako_start8000_720,50,wgan,2
0.072218694,0.0092159035,0.095999494,32.736918330192566,0.857264198659889,Hog_health_Hisako_start8000_720,50,diffts,2
0.059314586,0.005770779,0.07596564,28.096920251846313,0.9106222439650269,Hog_health_Hisako_start8000_720,50,diffts-fft,6
0.18452486,0.0518796,0.22777094,76.56795382499695,0.19648937011008483,Hog_health_Hisako_start8000_720,50,timegan,2
0.1931319,0.053318247,0.23090744,83.97977352142334,0.17420762262201606,Hog_health_Hisako_start8000_720,50,cgan,2
0.1898528,0.044734597,0.21150555,97.27800488471985,0.17630600113585704,Hog_health_Hisako_start8000_720,70,oridata,2
0.1390651,0.029177964,0.17081559,64.66606855392456,0.46274884919330017,Hog_health_Hisako_start8000_720,70,wgan,2
0.06484865,0.008350497,0.09138106,30.590394139289856,0.846243076802683,Hog_health_Hisako_start8000_720,70,diffts,2
0.043721158,0.00367242,0.060600497,19.336308538913727,0.9323800673675406,Hog_health_Hisako_start8000_720,70,diffts-fft,6
0.13524899,0.028946072,0.17013545,61.16171479225159,0.46701857992649565,Hog_health_Hisako_start8000_720,70,timegan,2
0.22565977,0.056838516,0.2384083,122.70427942276001,-0.04656246639995465,Hog_health_Hisako_start8000_720,70,cgan,2
0.22510837,0.0687772,0.2622541,90.86490869522095,0.08080810998837373,Hog_health_Hisako_start8000_720,80,oridata,2
0.17523333,0.046488106,0.21561101,65.7299280166626,0.37869687602983326,Hog_health_Hisako_start8000_720,80,wgan,2
0.07390701,0.011380044,0.10667729,26.62178874015808,0.847908271299638,Hog_health_Hisako_start8000_720,80,diffts,2
0.049397394,0.006003557,0.077482626,14.2397940158844,0.919763807878569,Hog_health_Hisako_start8000_720,80,diffts-fft,6
0.19558646,0.061512724,0.2480176,68.73904466629028,0.17789619759801478,Hog_health_Hisako_start8000_720,80,timegan,2
0.19260229,0.061774492,0.24854475,63.76696825027466,0.17439772242885943,Hog_health_Hisako_start8000_720,80,cgan,2
0.19997974,0.05339576,0.23107523,105.82512617111206,0.17859933106843218,Hog_health_Hisako_start8000_720,90,oridata,2
0.17831048,0.04422505,0.21029752,92.45104789733887,0.3196746916020481,Hog_health_Hisako_start8000_720,90,wgan,2
0.06817906,0.010020417,0.10010204,25.466662645339966,0.8458533516811237,Hog_health_Hisako_start8000_720,90,diffts,2
0.051952,0.00533353,0.073031016,18.058596551418304,0.9179529483720111,Hog_health_Hisako_start8000_720,90,diffts-fft,6
0.15877612,0.035029043,0.18716048,84.12532210350037,0.4611391730868094,Hog_health_Hisako_start8000_720,90,timegan,2
0.15781929,0.03450301,0.18574986,91.50710105895996,0.4692313405842836,Hog_health_Hisako_start8000_720,90,cgan,2
0.1691699,0.042205524,0.20543984,172.33788967132568,0.052486755269352314,Hog_public_Kevin_start4000_720,20,oridata,2
0.14633529,0.033230036,0.18229108,119.5081114768982,0.2539864112101837,Hog_public_Kevin_start4000_720,20,wgan,2
0.13660423,0.029761326,0.1725147,117.95215606689453,0.3318588600550203,Hog_public_Kevin_start4000_720,20,diffts,2
0.0735359,0.008867118,0.09416537,66.7644739151001,0.8009333805630832,Hog_public_Kevin_start4000_720,20,diffts-fft,6
0.14826632,0.03391225,0.18415278,134.631085395813,0.23867066352578203,Hog_public_Kevin_start4000_720,20,timegan,2
0.15617597,0.0374625,0.19355232,130.60150146484375,0.1589675823532044,Hog_public_Kevin_start4000_720,20,cgan,2
0.26917288,0.10179523,0.31905365,82.61192440986633,-1.541745236689477,Hog_public_Kevin_start4000_720,30,oridata,2
0.17842385,0.04599607,0.21446694,148.88877868652344,-0.14848499471066812,Hog_public_Kevin_start4000_720,30,wgan,2
0.14543095,0.033641763,0.1834169,101.08977556228638,0.15999222439106608,Hog_public_Kevin_start4000_720,30,diffts,2
0.118096374,0.022753464,0.15084252,94.19616460800171,0.4318642052373326,Hog_public_Kevin_start4000_720,30,diffts-fft,6
0.19420207,0.054354437,0.23314038,158.84559154510498,-0.3571866973226445,Hog_public_Kevin_start4000_720,30,timegan,2
0.20278257,0.058097668,0.24103458,155.88021278381348,-0.4506521049456296,Hog_public_Kevin_start4000_720,30,cgan,2
0.16998173,0.047354117,0.21761002,57.46517777442932,-0.23022785024108927,Hog_public_Kevin_start4000_720,40,oridata,2
0.14256017,0.031869117,0.17851923,62.02545762062073,0.17206189527619975,Hog_public_Kevin_start4000_720,40,wgan,2
0.1009745,0.017019851,0.13046016,47.112858295440674,0.5578358013360883,Hog_public_Kevin_start4000_720,40,diffts,2
0.06262271,0.008304436,0.09112868,22.561252117156982,0.7842563856005957,Hog_public_Kevin_start4000_720,40,diffts-fft,6
0.14308028,0.032440662,0.18011291,60.617756843566895,0.15721355681974525,Hog_public_Kevin_start4000_720,40,timegan,2
0.1391202,0.030845385,0.17562854,60.906076431274414,0.19865779446782228,Hog_public_Kevin_start4000_720,40,cgan,2
0.1745523,0.043775965,0.20922707,168.49780082702637,0.004523122669814139,Hog_public_Kevin_start4000_720,50,oridata,2
0.15252995,0.0350793,0.18729469,134.1314196586609,0.2022875861921768,Hog_public_Kevin_start4000_720,50,wgan,2
0.101706214,0.017968299,0.13404588,72.55367040634155,0.5913962201133776,Hog_public_Kevin_start4000_720,50,diffts,2
0.07295408,0.00875552,0.09357093,63.80935311317444,0.8008972113321631,Hog_public_Kevin_start4000_720,50,diffts-fft,6
0.15927878,0.04076714,0.20190874,120.07919549942017,0.07294462725401452,Hog_public_Kevin_start4000_720,50,timegan,2
0.14419292,0.03244636,0.18012872,123.70002269744873,0.26216137643469783,Hog_public_Kevin_start4000_720,50,cgan,2
0.15772602,0.035762507,0.18910977,86.77102327346802,0.17854462295431894,Hog_public_Kevin_start4000_720,70,oridata,2
0.1536315,0.03575329,0.18908541,80.61546683311462,0.17875629142908844,Hog_public_Kevin_start4000_720,70,wgan,2
0.13343695,0.027253812,0.16508728,66.39525294303894,0.37398715254340065,Hog_public_Kevin_start4000_720,70,diffts,2
0.06257853,0.007482067,0.086498946,24.29882436990738,0.8281388925279611,Hog_public_Kevin_start4000_720,70,diffts-fft,6
0.15028371,0.03159782,0.17775775,90.89019298553467,0.2742064187353904,Hog_public_Kevin_start4000_720,70,timegan,2
0.1596855,0.03733193,0.19321473,88.99248242378235,0.1424953932284626,Hog_public_Kevin_start4000_720,70,cgan,2
0.14952289,0.03424325,0.18504931,76.07519030570984,0.1133317588135998,Hog_public_Kevin_start4000_720,80,oridata,2
0.14000547,0.030727485,0.17529257,66.96267127990723,0.2043662249943916,Hog_public_Kevin_start4000_720,80,wgan,2
0.08159085,0.011836811,0.10879711,30.55706024169922,0.6935067539371057,Hog_public_Kevin_start4000_720,80,diffts,2
0.07592498,0.010923444,0.104515284,23.363424837589264,0.7171567636987941,Hog_public_Kevin_start4000_720,80,diffts-fft,6
0.14264652,0.032120474,0.17922185,63.882648944854736,0.16829721975286416,Hog_public_Kevin_start4000_720,80,timegan,2
0.14844461,0.03529946,0.18788151,61.565905809402466,0.08598299660619846,Hog_public_Kevin_start4000_720,80,cgan,2
0.21215737,0.0636599,0.25230914,246.936297416687,0.05703745458984266,Hog_public_Kevin_start4000_720,90,oridata,2
0.19404401,0.053336404,0.23094675,239.74683284759521,0.209954269011141,Hog_public_Kevin_start4000_720,90,wgan,2
0.13844979,0.028035337,0.16743757,168.9906120300293,0.584726427347464,Hog_public_Kevin_start4000_720,90,diffts,2
0.080726884,0.011205114,0.10585421,64.85388278961182,0.8340241711759218,Hog_public_Kevin_start4000_720,90,diffts-fft,6
0.18533377,0.04969833,0.22293122,252.17995643615723,0.26384327596511625,Hog_public_Kevin_start4000_720,90,timegan,2
0.19299895,0.052429873,0.2289757,241.90261363983154,0.22338230947963167,Hog_public_Kevin_start4000_720,90,cgan,2
0.23889238,0.073347576,0.27082756,644.030237197876,-0.3184206672815806,Hog_public_Kevin_start6000_720,20,oridata,2
0.1748459,0.04602057,0.21452406,446.3325023651123,0.17278151685050736,Hog_public_Kevin_start6000_720,20,wgan,2
0.09731139,0.01444202,0.12017496,183.3634853363037,0.7404050742036203,Hog_public_Kevin_start6000_720,20,diffts,2
0.06463693,0.007321969,0.0855685,110.47888994216919,0.8683877929134889,Hog_public_Kevin_start6000_720,20,diffts-fft,6
0.16566488,0.04173932,0.20430203,409.48171615600586,0.2497369514318727,Hog_public_Kevin_start6000_720,20,timegan,2
0.15983641,0.042202108,0.20543152,326.91802978515625,0.2414183295924731,Hog_public_Kevin_start6000_720,20,cgan,2
0.2899706,0.105604626,0.32496867,1182.3330879211426,-0.56332062700723,Hog_public_Kevin_start6000_720,30,oridata,2
0.30454642,0.11459808,0.3385234,1203.026008605957,-0.6964552254313559,Hog_public_Kevin_start6000_720,30,wgan,2
0.15157251,0.030218326,0.17383419,523.9983558654785,0.5526623387971539,Hog_public_Kevin_start6000_720,30,diffts,2
0.11546072,0.01837528,0.13555545,378.00724506378174,0.7279811300480019,Hog_public_Kevin_start6000_720,30,diffts-fft,6
0.24209566,0.074243404,0.27247643,973.0879783630371,-0.09906400219802114,Hog_public_Kevin_start6000_720,30,timegan,2
0.29951903,0.11155452,0.3339978,1216.014575958252,-0.6513998054130758,Hog_public_Kevin_start6000_720,30,cgan,2
0.25606322,0.08307402,0.28822565,1129.0183067321777,0.003457383906223188,Hog_public_Kevin_start6000_720,40,oridata,2
0.21115285,0.06738281,0.25958198,640.5524253845215,0.1916866238952626,Hog_public_Kevin_start6000_720,40,wgan,2
0.11889576,0.022019386,0.14838931,358.7775707244873,0.7358589927687835,Hog_public_Kevin_start6000_720,40,diffts,2
0.09375111,0.015036337,0.12262274,238.73929977416992,0.8196265228987286,Hog_public_Kevin_start6000_720,40,diffts-fft,6
0.20480223,0.06558785,0.25610125,575.8294105529785,0.21321870242884633,Hog_public_Kevin_start6000_720,40,timegan,2
0.21764025,0.0650419,0.25503314,811.7038726806641,0.21976779590991635,Hog_public_Kevin_start6000_720,40,cgan,2
0.24391937,0.076156,0.27596375,665.4825687408447,-0.39739068848849013,Hog_public_Kevin_start6000_720,50,oridata,2
0.17127469,0.04626791,0.21509977,377.3987293243408,0.1510273907231775,Hog_public_Kevin_start6000_720,50,wgan,2
0.089296326,0.0117634805,0.10845958,166.74727201461792,0.7841512189055101,Hog_public_Kevin_start6000_720,50,diffts,2
0.066358745,0.0073508397,0.085737035,107.76255130767822,0.8651190311098118,Hog_public_Kevin_start6000_720,50,diffts-fft,6
0.19534813,0.05294037,0.23008774,511.6760730743408,0.02859409972508653,Hog_public_Kevin_start6000_720,50,timegan,2
0.159163,0.03907166,0.19766553,365.108323097229,0.28307183023352134,Hog_public_Kevin_start6000_720,50,cgan,2
0.21042801,0.058912974,0.24271995,584.5499515533447,-0.11164076123838718,Hog_public_Kevin_start6000_720,70,oridata,2
0.16091825,0.039659474,0.19914687,429.72073554992676,0.25165743963684717,Hog_public_Kevin_start6000_720,70,wgan,2
0.09349023,0.0128459,0.11333975,173.04670810699463,0.7576081343168507,Hog_public_Kevin_start6000_720,70,diffts,2
0.07199003,0.007886509,0.08880602,129.552161693573,0.8511878481945294,Hog_public_Kevin_start6000_720,70,diffts-fft,6
0.14708066,0.030952208,0.17593239,347.2782373428345,0.4159565696892372,Hog_public_Kevin_start6000_720,70,timegan,2
0.14673348,0.031632315,0.17785476,383.81714820861816,0.4031234629662953,Hog_public_Kevin_start6000_720,70,cgan,2
0.22179732,0.08002306,0.28288347,260.7177972793579,0.0018978653361626519,Hog_public_Kevin_start6000_720,80,oridata,2
0.18028387,0.051367473,0.22664393,227.26969718933105,0.3593099440245887,Hog_public_Kevin_start6000_720,80,wgan,2
0.106839515,0.018512681,0.13606131,125.1223087310791,0.7690972105234573,Hog_public_Kevin_start6000_720,80,diffts,2
0.06978039,0.010271225,0.10134705,53.50911617279053,0.8718902847957831,Hog_public_Kevin_start6000_720,80,diffts-fft,6
0.2151919,0.07857984,0.28032097,182.532000541687,0.019898569890541284,Hog_public_Kevin_start6000_720,80,timegan,2
0.20332082,0.06616413,0.25722387,246.6463565826416,0.17475592492263847,Hog_public_Kevin_start6000_720,80,cgan,2
0.18256812,0.051853843,0.22771439,183.8308572769165,0.26251138035352706,Hog_public_Kevin_start6000_720,90,oridata,2
0.1769,0.044215642,0.21027516,195.7239270210266,0.3711453199157273,Hog_public_Kevin_start6000_720,90,wgan,2
0.076692395,0.010059877,0.10029894,28.118467330932617,0.8569239274906509,Hog_public_Kevin_start6000_720,90,diffts,2
0.06405093,0.0072422507,0.08510141,24.243682622909546,0.8969974760483423,Hog_public_Kevin_start6000_720,90,diffts-fft,6
0.17271513,0.04081357,0.20202368,195.99430561065674,0.4195311384544391,Hog_public_Kevin_start6000_720,90,timegan,2
0.177303,0.042466965,0.20607515,209.54556465148926,0.3960158211986673,Hog_public_Kevin_start6000_720,90,cgan,2
0.009981764,0.00010252381,0.010125404,0.009981763549149036,0.0,Panther_other_Lucina_start2000_720,20,oridata,2
0.016023273,0.00031247438,0.017676946,0.016023272648453712,0.0,Panther_other_Lucina_start2000_720,20,wgan,2
0.019990692,0.00040749108,0.020186407,0.019990691915154457,0.0,Panther_other_Lucina_start2000_720,20,diffts,2
0.013268135,0.00017769914,0.013330384,0.01326813455671072,0.0,Panther_other_Lucina_start2000_720,20,diffts-fft,6
0.0094578,0.00011725676,0.0108285155,0.009457799606025219,0.0,Panther_other_Lucina_start2000_720,20,timegan,2
0.0058232476,4.1617805e-05,0.0064511863,0.005823247600346804,0.0,Panther_other_Lucina_start2000_720,20,cgan,2
0.027925672,0.0009935359,0.031520404,0.027925672009587288,0.0,Panther_other_Lucina_start2000_720,30,oridata,2
0.0057949545,5.2570555e-05,0.0072505553,0.005794954486191273,0.0,Panther_other_Lucina_start2000_720,30,wgan,2
0.02466593,0.0006423987,0.025345586,0.02466592937707901,0.0,Panther_other_Lucina_start2000_720,30,diffts,2
0.01092085,0.00012233463,0.011060499,0.01092084962874651,0.0,Panther_other_Lucina_start2000_720,30,diffts-fft,6
0.022739833,0.0005517284,0.0234889,0.0227398332208395,0.0,Panther_other_Lucina_start2000_720,30,timegan,2
0.0058030547,5.7386125e-05,0.007575363,0.005803054664283991,0.0,Panther_other_Lucina_start2000_720,30,cgan,2
0.005915425,4.489337e-05,0.0067002517,0.005915424786508083,0.0,Panther_other_Lucina_start2000_720,40,oridata,2
0.0023137871,7.4601394e-06,0.0027313256,0.002313787117600441,0.0,Panther_other_Lucina_start2000_720,40,wgan,2
0.020200018,0.00041555165,0.020385085,0.02020001783967018,0.0,Panther_other_Lucina_start2000_720,40,diffts,2
0.013481309,0.00018764891,0.013698501,0.013481308706104755,0.0,Panther_other_Lucina_start2000_720,40,diffts-fft,6
0.011788373,0.00019371258,0.013918066,0.01178837288171053,0.0,Panther_other_Lucina_start2000_720,40,timegan,2
0.0113667445,0.00016828273,0.012972383,0.01136674452573061,0.0,Panther_other_Lucina_start2000_720,40,cgan,2
0.0034505932,1.7686698e-05,0.0042055557,0.003450593212619424,0.0,Panther_other_Lucina_start2000_720,50,oridata,2
0.0030728905,1.3980913e-05,0.0037391058,0.0030728904530406,0.0,Panther_other_Lucina_start2000_720,50,wgan,2
0.018127251,0.00033495828,0.018301865,0.01812725141644478,0.0,Panther_other_Lucina_start2000_720,50,diffts,2
0.014045363,0.00019995996,0.0141407205,0.014045363292098045,0.0,Panther_other_Lucina_start2000_720,50,diffts-fft,6
0.005695263,5.090066e-05,0.0071344697,0.005695262923836708,0.0,Panther_other_Lucina_start2000_720,50,timegan,2
0.004892637,4.7083635e-05,0.0068617514,0.004892637021839619,0.0,Panther_other_Lucina_start2000_720,50,cgan,2
0.005827287,5.301022e-05,0.0072808117,0.005827287212014198,0.0,Panther_other_Lucina_start2000_720,70,oridata,2
0.0020958318,6.8129402e-06,0.002610161,0.0020958317909389734,0.0,Panther_other_Lucina_start2000_720,70,wgan,2
0.019662755,0.0003888612,0.019719563,0.019662754610180855,0.0,Panther_other_Lucina_start2000_720,70,diffts,2
0.015059995,0.00022757915,0.015085727,0.015059995464980602,0.0,Panther_other_Lucina_start2000_720,70,diffts-fft,6
0.006379531,5.7845667e-05,0.0076056337,0.006379531230777502,0.0,Panther_other_Lucina_start2000_720,70,timegan,2
0.0049539227,3.3741486e-05,0.0058087423,0.00495392270386219,0.0,Panther_other_Lucina_start2000_720,70,cgan,2
0.010626516,0.00012775707,0.011302968,0.010626516304910183,0.0,Panther_other_Lucina_start2000_720,80,oridata,2
0.004245483,2.6019366e-05,0.005100918,0.004245482850819826,0.0,Panther_other_Lucina_start2000_720,80,wgan,2
0.018281013,0.00034591652,0.01859883,0.018281012773513794,0.0,Panther_other_Lucina_start2000_720,80,diffts,2
0.012730788,0.00016472944,0.012834697,0.012730788439512253,0.0,Panther_other_Lucina_start2000_720,80,diffts-fft,6
0.0018482301,5.629938e-06,0.0023727491,0.0018482301384210587,0.0,Panther_other_Lucina_start2000_720,80,timegan,2
0.005858538,5.0360675e-05,0.0070965257,0.005858538206666708,0.0,Panther_other_Lucina_start2000_720,80,cgan,2
0.0016914159,5.972895e-06,0.0024439506,0.0016914159059524536,0.0,Panther_other_Lucina_start2000_720,90,oridata,2
0.003990659,2.4202722e-05,0.0049196263,0.003990659024566412,0.0,Panther_other_Lucina_start2000_720,90,wgan,2
0.018743739,0.00036724255,0.019163573,0.018743738532066345,0.0,Panther_other_Lucina_start2000_720,90,diffts,2
0.011540446,0.00013369053,0.011562462,0.011540446430444717,0.0,Panther_other_Lucina_start2000_720,90,diffts-fft,6
0.0025919196,1.1096074e-05,0.003331077,0.002591919619590044,0.0,Panther_other_Lucina_start2000_720,90,timegan,2
0.0028393639,9.826626e-06,0.003134745,0.0028393638785928488,0.0,Panther_other_Lucina_start2000_720,90,cgan,2
0.20651105,0.065584466,0.25609463,142.53724813461304,0.03728248949566604,Panther_other_Lucina_start6000_720,20,oridata,2
0.20827316,0.06523943,0.25542012,101.80128812789917,0.042347256054381055,Panther_other_Lucina_start6000_720,20,wgan,2
0.06728762,0.0075560375,0.08692547,30.70663809776306,0.8890845678477945,Panther_other_Lucina_start6000_720,20,diffts,2
0.053105254,0.005106627,0.071460664,22.162623703479767,0.9250395796463696,Panther_other_Lucina_start6000_720,20,diffts-fft,6
0.18488668,0.05104114,0.22592287,95.73963284492493,0.25076475785300456,Panther_other_Lucina_start6000_720,20,timegan,2
0.17773871,0.046667192,0.2160259,101.44463777542114,0.31497009333552284,Panther_other_Lucina_start6000_720,20,cgan,2
0.50564635,0.3193347,0.56509703,97.55005240440369,-3.6971173469554595,Panther_other_Lucina_start6000_720,30,oridata,2
0.23486374,0.08341268,0.28881252,262.40735054016113,-0.2269234088342762,Panther_other_Lucina_start6000_720,30,wgan,2
0.088211305,0.012614815,0.11231569,72.79744744300842,0.8144477533212624,Panther_other_Lucina_start6000_720,30,diffts,2
0.057592276,0.005879219,0.07667606,41.98266565799713,0.9135221241525436,Panther_other_Lucina_start6000_720,30,diffts-fft,6
0.2237017,0.07643524,0.27646923,254.26928997039795,-0.12429155656322344,Panther_other_Lucina_start6000_720,30,timegan,2
0.20132245,0.061902087,0.2488013,220.72103023529053,0.08947765394159779,Panther_other_Lucina_start6000_720,30,cgan,2
0.19840096,0.061353553,0.24769649,267.9011821746826,0.03691919954640377,Panther_other_Lucina_start6000_720,40,oridata,2
0.1704428,0.04432432,0.21053341,202.3733139038086,0.3042309432979333,Panther_other_Lucina_start6000_720,40,wgan,2
0.08816475,0.012092773,0.10996714,93.72003674507141,0.8101769480614922,Panther_other_Lucina_start6000_720,40,diffts,2
0.056046713,0.0053548636,0.073176935,46.4968204498291,0.9159434727453252,Panther_other_Lucina_start6000_720,40,diffts-fft,6
0.18446133,0.051677775,0.22732747,219.06957626342773,0.18880199264486452,Panther_other_Lucina_start6000_720,40,timegan,2
0.16983539,0.044040393,0.20985803,203.83508205413818,0.30868780448125444,Panther_other_Lucina_start6000_720,40,cgan,2
0.3115771,0.12991881,0.36044252,87.17166781425476,-0.9098230696774232,Panther_other_Lucina_start6000_720,50,oridata,2
0.19539225,0.055819824,0.23626219,104.26018238067627,0.17944150650527912,Panther_other_Lucina_start6000_720,50,wgan,2
0.114134744,0.020813374,0.14426841,66.94694757461548,0.6940407606469108,Panther_other_Lucina_start6000_720,50,diffts,2
0.05823532,0.0061998926,0.0787394,29.600566625595093,0.9088607885956737,Panther_other_Lucina_start6000_720,50,diffts-fft,6
0.18813148,0.052482974,0.22909163,100.56661367416382,0.22849362627442749,Panther_other_Lucina_start6000_720,50,timegan,2
0.21237722,0.06814753,0.26105082,90.16817808151245,-0.0017774370624983327,Panther_other_Lucina_start6000_720,50,cgan,2
0.20682123,0.06340413,0.25180176,144.3403720855713,0.03206444563736077,Panther_other_Lucina_start6000_720,70,oridata,2
0.17228842,0.045235198,0.21268567,119.04504299163818,0.309433562472451,Panther_other_Lucina_start6000_720,70,wgan,2
0.07932568,0.010428661,0.10212082,39.79040086269379,0.8407947081821747,Panther_other_Lucina_start6000_720,70,diffts,2
0.048904274,0.0041116714,0.06412232,19.752132892608643,0.9372306916529521,Panther_other_Lucina_start6000_720,70,diffts-fft,6
0.17489251,0.044995964,0.21212251,108.85460376739502,0.31308574479435614,Panther_other_Lucina_start6000_720,70,timegan,2
0.16999932,0.04334984,0.20820624,110.89473962783813,0.3382157825963914,Panther_other_Lucina_start6000_720,70,cgan,2
0.18231545,0.044238076,0.21032849,28.423842787742615,0.04164338781437882,Panther_other_Lucina_start6000_720,80,oridata,2
0.20026678,0.05820545,0.24125805,27.186018228530884,-0.2609405340855173,Panther_other_Lucina_start6000_720,80,wgan,2
0.07596617,0.008897265,0.09432532,12.50091940164566,0.8072530609817887,Panther_other_Lucina_start6000_720,80,diffts,2
0.053368405,0.004316057,0.06569671,9.26172062754631,0.9064985898148202,Panther_other_Lucina_start6000_720,80,diffts-fft,6
0.2037709,0.059264697,0.24344341,28.122690320014954,-0.2838876189915758,Panther_other_Lucina_start6000_720,80,timegan,2
0.18398748,0.048116818,0.21935546,25.966334342956543,-0.04238422722104729,Panther_other_Lucina_start6000_720,80,cgan,2
0.18992428,0.04582169,0.21406001,31.818068027496338,0.12312722748928895,Panther_other_Lucina_start6000_720,90,oridata,2
0.18770857,0.045746185,0.21388358,30.146458745002747,0.12457212971523457,Panther_other_Lucina_start6000_720,90,wgan,2
0.10478697,0.014941372,0.1222349,16.9143944978714,0.7140724680588083,Panther_other_Lucina_start6000_720,90,diffts,2
0.05232141,0.0038303996,0.061890222,9.999003261327744,0.9266990598855841,Panther_other_Lucina_start6000_720,90,diffts-fft,6
0.14957494,0.029128453,0.1706706,26.68161392211914,0.44257954326366433,Panther_other_Lucina_start6000_720,90,timegan,2
0.14562762,0.027215403,0.16497092,25.96505880355835,0.4791888446454343,Panther_other_Lucina_start6000_720,90,cgan,2
0.17017706,0.039468907,0.19866782,21.328887343406677,-2.353296952742997,Rat_public_Alexander_start0_720,20,oridata,2
0.06581268,0.011947519,0.10930471,7.027232646942139,-0.015066872732840908,Rat_public_Alexander_start0_720,20,wgan,2
0.05423958,0.009502395,0.09748023,5.749813094735146,0.19267203105590813,Rat_public_Alexander_start0_720,20,diffts,2
0.051924672,0.009202306,0.095928654,5.563363432884216,0.21816766882367844,Rat_public_Alexander_start0_720,20,diffts-fft,6
0.06615032,0.011734239,0.10832469,7.10357129573822,0.0030535221055116857,Rat_public_Alexander_start0_720,20,timegan,2
0.10978068,0.020356974,0.14267787,12.730777263641357,-0.7295380787623336,Rat_public_Alexander_start0_720,20,cgan,2
0.26435736,0.07424784,0.27248457,32.98283815383911,-6.585846009729349,Rat_public_Alexander_start0_720,30,oridata,2
0.18961559,0.047277212,0.21743323,24.08025711774826,-3.8302773880453547,Rat_public_Alexander_start0_720,30,wgan,2
0.060408913,0.009434786,0.097132824,6.685878336429596,0.03605506124919,Rat_public_Alexander_start0_720,30,diffts,2
0.051611997,0.007463548,0.08639183,5.69392628967762,0.2374550357452312,Rat_public_Alexander_start0_720,30,diffts-fft,6
0.15742105,0.035018854,0.18713325,19.99766081571579,-2.5778495451485086,Rat_public_Alexander_start0_720,30,timegan,2
0.08763615,0.015338374,0.12384819,10.70658341050148,-0.5671101718999774,Rat_public_Alexander_start0_720,30,cgan,2
0.1731775,0.03435753,0.18535784,21.91179394721985,-7.892632937758492,Rat_public_Alexander_start0_720,40,oridata,2
0.077282324,0.009609245,0.09802675,9.483306109905243,-1.4871251921978463,Rat_public_Alexander_start0_720,40,wgan,2
0.054308217,0.004340811,0.065884836,6.9100528955459595,-0.12351614528328159,Rat_public_Alexander_start0_720,40,diffts,2
0.041156102,0.0027784156,0.05271068,5.1155757158994675,0.2808729004627556,Rat_public_Alexander_start0_720,40,diffts-fft,6
0.07725505,0.010090754,0.10045274,9.511861205101013,-1.6117525762571385,Rat_public_Alexander_start0_720,40,timegan,2
0.10425816,0.015549862,0.124699086,13.020731508731842,-3.0247133084779563,Rat_public_Alexander_start0_720,40,cgan,2
0.12611748,0.023869036,0.15449607,14.94014710187912,-1.0217922420537633,Rat_public_Alexander_start0_720,50,oridata,2
0.088109955,0.01559879,0.12489512,9.988968074321747,-0.321273021689531,Rat_public_Alexander_start0_720,50,wgan,2
0.058404308,0.010296838,0.10147334,6.298962235450745,0.127821136392132,Rat_public_Alexander_start0_720,50,diffts,2
0.04839953,0.008656168,0.09303853,5.0698962062597275,0.26679169174315087,Rat_public_Alexander_start0_720,50,diffts-fft,6
0.06852866,0.012112098,0.11005498,7.401753216981888,-0.02593767870101149,Rat_public_Alexander_start0_720,50,timegan,2
0.10562329,0.018353429,0.13547483,12.197550386190414,-0.5546006887917934,Rat_public_Alexander_start0_720,50,cgan,2
0.13735825,0.02269646,0.15065344,18.54299157857895,-8.61430546292072,Rat_public_Alexander_start0_720,70,oridata,2
0.06800726,0.0063347714,0.079591274,8.933068066835403,-1.6834328295445955,Rat_public_Alexander_start0_720,70,wgan,2
0.049243707,0.0032099322,0.056656264,6.534218788146973,-0.35973931420902394,Rat_public_Alexander_start0_720,70,diffts,2
0.04565731,0.0028686319,0.05355961,6.053289771080017,-0.2151632289518315,Rat_public_Alexander_start0_720,70,diffts-fft,6
0.07366128,0.0076363054,0.08738596,9.750600159168243,-2.23476791438884,Rat_public_Alexander_start0_720,70,timegan,2
0.049214568,0.0034857136,0.05903993,6.476040929555893,-0.47656154263362804,Rat_public_Alexander_start0_720,70,cgan,2
0.11545087,0.024230048,0.15566003,14.004038274288177,-1.0716936394287533,Rat_public_Alexander_start0_720,80,oridata,2
0.12905467,0.024596814,0.15683371,15.181887149810791,-1.1030527967056316,Rat_public_Alexander_start0_720,80,wgan,2
0.059000343,0.010400901,0.10198481,6.243216618895531,0.11071232681300136,Rat_public_Alexander_start0_720,80,diffts,2
0.054461334,0.009851556,0.099255,5.753219872713089,0.15768185698662895,Rat_public_Alexander_start0_720,80,diffts-fft,6
0.0743812,0.013437881,0.11592188,8.081372082233429,-0.1489524596144316,Rat_public_Alexander_start0_720,80,timegan,2
0.11039817,0.020164551,0.14200194,12.575927376747131,-0.7240897307198477,Rat_public_Alexander_start0_720,80,cgan,2
0.12291007,0.01995919,0.141277,15.38524329662323,-3.897310593077963,Rat_public_Alexander_start0_720,90,oridata,2
0.056458686,0.0039324774,0.062709466,7.172325253486633,0.035103090414583815,Rat_public_Alexander_start0_720,90,wgan,2
0.059310474,0.0052688783,0.07258704,7.341860979795456,-0.292804669462174,Rat_public_Alexander_start0_720,90,diffts,2
0.039405536,0.002259588,0.047535125,4.961714148521423,0.44557344022780887,Rat_public_Alexander_start0_720,90,diffts-fft,6
0.07376767,0.00817132,0.090395354,9.159800410270691,-1.0049655962586277,Rat_public_Alexander_start0_720,90,timegan,2
0.059246648,0.005038156,0.07097997,7.3773689568042755,-0.23619319652814386,Rat_public_Alexander_start0_720,90,cgan,2
0.012883227,0.00021717418,0.014736831,0.012883227318525314,0.0,Rat_public_Alexander_start8000_720,20,oridata,2
0.0048988624,3.3580596e-05,0.0057948767,0.004898862447589636,0.0,Rat_public_Alexander_start8000_720,20,wgan,2
0.010319497,0.00013218766,0.011497289,0.010319497436285019,0.0,Rat_public_Alexander_start8000_720,20,diffts,2
0.008936754,9.0099915e-05,0.009492097,0.008936754427850246,0.0,Rat_public_Alexander_start8000_720,20,diffts-fft,6
0.013482051,0.00026484148,0.016273951,0.013482050970196724,0.0,Rat_public_Alexander_start8000_720,20,timegan,2
0.012505439,0.0002208755,0.014861881,0.01250543911010027,0.0,Rat_public_Alexander_start8000_720,20,cgan,2
0.023012653,0.0006275336,0.025050621,0.02301265299320221,0.0,Rat_public_Alexander_start8000_720,30,oridata,2
0.003363508,1.9501898e-05,0.0044160956,0.0033635080326348543,0.0,Rat_public_Alexander_start8000_720,30,wgan,2
0.009846016,0.0001321354,0.0114950165,0.009846015833318233,0.0,Rat_public_Alexander_start8000_720,30,diffts,2
0.007530197,5.825988e-05,0.007632816,0.007530197035521269,0.0,Rat_public_Alexander_start8000_720,30,diffts-fft,6
0.0010954341,1.7395859e-06,0.0013189336,0.0010954340687021613,0.0,Rat_public_Alexander_start8000_720,30,timegan,2
0.016113792,0.00031078633,0.017629134,0.01611379161477089,0.0,Rat_public_Alexander_start8000_720,30,cgan,2
0.012386456,0.00017687678,0.013299503,0.01238645613193512,0.0,Rat_public_Alexander_start8000_720,40,oridata,2
0.0058568963,5.6059467e-05,0.007487287,0.005856896284967661,0.0,Rat_public_Alexander_start8000_720,40,wgan,2
0.015674852,0.00025035042,0.015822466,0.015674851834774017,0.0,Rat_public_Alexander_start8000_720,40,diffts,2
0.011678428,0.000140214,0.011841199,0.011678428389132023,0.0,Rat_public_Alexander_start8000_720,40,diffts-fft,6
0.0069047557,7.161572e-05,0.008462607,0.0069047557190060616,0.0,Rat_public_Alexander_start8000_720,40,timegan,2
0.008204135,7.386123e-05,0.008594256,0.008204135112464428,0.0,Rat_public_Alexander_start8000_720,40,cgan,2
0.012454592,0.00018590616,0.013634741,0.012454591691493988,0.0,Rat_public_Alexander_start8000_720,50,oridata,2
0.011590768,0.0001978158,0.0140647,0.011590767651796341,0.0,Rat_public_Alexander_start8000_720,50,wgan,2
0.012231646,0.00017939323,0.013393776,0.012231646105647087,0.0,Rat_public_Alexander_start8000_720,50,diffts,2
0.008660661,7.67612e-05,0.008761347,0.008660661056637764,0.0,Rat_public_Alexander_start8000_720,50,diffts-fft,6
0.004909328,3.511076e-05,0.0059254332,0.004909328185021877,0.0,Rat_public_Alexander_start8000_720,50,timegan,2
0.009196205,0.000109135464,0.0104467925,0.00919620506465435,0.0,Rat_public_Alexander_start8000_720,50,cgan,2
0.011538445,0.00017781189,0.013334612,0.011538445018231869,0.0,Rat_public_Alexander_start8000_720,70,oridata,2
0.0032585238,1.5604806e-05,0.003950292,0.00325852376408875,0.0,Rat_public_Alexander_start8000_720,70,wgan,2
0.017081106,0.00030607232,0.017494923,0.017081106081604958,0.0,Rat_public_Alexander_start8000_720,70,diffts,2
0.011592825,0.00013521021,0.011627993,0.011592824943363667,0.0,Rat_public_Alexander_start8000_720,70,diffts-fft,6
0.0008972023,1.3235172e-06,0.0011504422,0.0008972022915259004,0.0,Rat_public_Alexander_start8000_720,70,timegan,2
0.0043815593,2.9006407e-05,0.0053857598,0.004381559323519468,0.0,Rat_public_Alexander_start8000_720,70,cgan,2
0.005104134,4.135877e-05,0.0064310785,0.0051041338592767715,0.0,Rat_public_Alexander_start8000_720,80,oridata,2
0.0044228346,2.5251038e-05,0.0050250413,0.004422834608703852,0.0,Rat_public_Alexander_start8000_720,80,wgan,2
0.015699392,0.00024785375,0.015743371,0.015699392184615135,0.0,Rat_public_Alexander_start8000_720,80,diffts,2
0.011893283,0.00014244152,0.011934887,0.011893282644450665,0.0,Rat_public_Alexander_start8000_720,80,diffts-fft,6
0.0039220075,2.0439295e-05,0.004520984,0.003922007512301207,0.0,Rat_public_Alexander_start8000_720,80,timegan,2
0.003989651,2.4634563e-05,0.0049633216,0.003989650867879391,0.0,Rat_public_Alexander_start8000_720,80,cgan,2
0.004937959,3.4629702e-05,0.0058847005,0.004937958903610706,0.0,Rat_public_Alexander_start8000_720,90,oridata,2
0.0013702756,2.7172098e-06,0.0016483961,0.0013702756259590387,0.0,Rat_public_Alexander_start8000_720,90,wgan,2
0.013502271,0.00018474388,0.013592052,0.0135022709146142,0.0,Rat_public_Alexander_start8000_720,90,diffts,2
0.011607361,0.00013533651,0.011633422,0.011607361026108265,0.0,Rat_public_Alexander_start8000_720,90,diffts-fft,6
0.0046343417,2.4052517e-05,0.0049043368,0.004634341690689325,0.0,Rat_public_Alexander_start8000_720,90,timegan,2
0.0059977574,4.109131e-05,0.0064102504,0.00599775742739439,0.0,Rat_public_Alexander_start8000_720,90,cgan,2
